signal,horizon,observations,accuracy_pct,avg_market_return_pct,median_market_return_pct,avg_directional_return_pct,median_directional_return_pct,avg_winner_pct,avg_loser_pct,best_market_move_pct,worst_market_move_pct,profit_factor
BUY,5m,1,100.0,0.07407627244397,0.07407627244397,0.07407627244397,0.07407627244397,0.07407627244397,,0.07407627244397,0.07407627244397,inf
SELL,5m,14,71.42857142857143,-0.020468631528740715,-0.039609411750364996,0.020468631528740715,0.039609411750364996,0.057843452321458,-0.0729684204530525,0.127258511824,-0.11251624542309,1.9817974667093887
BUY,15m,1,100.0,0.11574417569373001,0.11574417569373001,0.11574417569373001,0.11574417569373001,0.11574417569373001,,0.11574417569373001,0.11574417569373001,inf
SELL,15m,13,92.3076923076923,-0.07348698064462365,-0.08682620486226,0.07348698064462365,0.08682620486226,0.0873244329463123,-0.09256244697564,0.09256244697564,-0.20208920388238,11.320932295918295
BUY,30m,1,100.0,0.07918088737202,0.07918088737202,0.07918088737202,0.07918088737202,0.07918088737202,,0.07918088737202,0.07918088737202,inf
SELL,30m,13,69.23076923076923,-0.08472352744704077,-0.046520703497740006,0.08472352744704077,0.046520703497740006,0.1595989105598711,-0.0837460845568275,0.10515759380412999,-0.32092334841885,4.2879323930187745
BUY,1h,1,100.0,0.10933372903991,0.10933372903991,0.10933372903991,0.10933372903991,0.10933372903991,,0.10933372903991,0.10933372903991,inf
SELL,1h,13,92.3076923076923,-0.18040845625450078,-0.20092752231766997,0.18040845625450078,0.20092752231766997,0.20705285071365162,-0.13932427725531002,0.13932427725531002,-0.36729475611723,17.833462031967034
BUY,2h,1,100.0,0.09698768363257,0.09698768363257,0.09698768363257,0.09698768363257,0.09698768363257,,0.09698768363257,0.09698768363257,inf
SELL,2h,13,92.3076923076923,-0.38643874457996463,-0.3996843348187,0.38643874457996463,0.3996843348187,0.43937616785521244,-0.24881033472300998,0.24881033472300998,-0.66114407599476,21.19089635136023
