signal,strength,horizon,observations,accuracy_pct,avg_directional_return_pct
BUY,2,5m,1,100.0,0.07407627244397
BUY,2,15m,1,100.0,0.11574417569373001
BUY,2,30m,1,100.0,0.07918088737202
BUY,2,1h,1,100.0,0.10933372903991
BUY,2,2h,1,100.0,0.09698768363257
SELL,2,5m,3,66.66666666666666,0.05507841460345666
SELL,2,15m,3,100.0,0.13320829654528332
SELL,2,30m,3,66.66666666666666,0.1855878706392467
SELL,2,1h,3,66.66666666666666,0.17339346349956
SELL,2,2h,3,66.66666666666666,0.29377663559707334
SELL,3,5m,7,71.42857142857143,0.014967613257302857
SELL,3,15m,6,83.33333333333334,0.03330961783955292
SELL,3,30m,6,50.0,-0.02980702920285334
SELL,3,1h,6,100.0,0.15749199127098334
SELL,3,2h,6,100.0,0.32272663421128667
SELL,4,5m,4,75.0,0.00413807619772
SELL,4,15m,4,100.0,0.088962037926735
SELL,4,30m,4,100.0,0.18087110502772752
SELL,4,1h,4,100.0,0.2200443982959825
SELL,4,2h,4,100.0,0.55150349187015
