direction,event_timestamp,event_type,importance,shock_minute,shock_return_5m_pct,extreme_minute,extreme_price,confirmation_minute,confirmation_price,entry_minute,entry_timestamp,entry_price,recovery_pct
LONG,2025-02-07 13:30:00+00:00,Nonfarm Payrolls,high,15.0,-0.14409031690729712,15.0,98156.7,17.0,98437.8,18.0,2025-02-07 13:48:00+00:00,98437.9,0.28637882080388977
LONG,2025-02-12 13:30:00+00:00,CPI,high,5.0,-0.6880278947815843,11.0,94021.3,12.0,94574.7,13.0,2025-02-12 13:43:00+00:00,94568.1,0.5885900322586402
SHORT,2025-03-07 13:30:00+00:00,Nonfarm Payrolls,high,7.0,0.7156695792970513,8.0,90357.2,16.0,89873.8,17.0,2025-03-07 13:47:00+00:00,89869.9,0.5378653178123027
SHORT,2025-03-12 12:30:00+00:00,CPI,high,20.0,0.24587780770322087,30.0,84200.0,32.0,83964.1,33.0,2025-03-12 13:03:00+00:00,83966.6,0.2809534074681874
LONG,2025-04-04 12:30:00+00:00,Nonfarm Payrolls,high,6.0,-0.11656109734119457,9.0,82424.2,12.0,82666.7,13.0,2025-04-04 12:43:00+00:00,82669.9,0.2942097102550001
LONG,2025-04-10 12:30:00+00:00,CPI,high,5.0,-0.5412458729850411,20.0,81458.6,24.0,81720.5,25.0,2025-04-10 12:55:00+00:00,81720.5,0.3215130139727407
LONG,2025-05-02 12:30:00+00:00,Nonfarm Payrolls,high,5.0,-0.33149376093521976,5.0,96669.9,13.0,96965.7,14.0,2025-05-02 12:44:00+00:00,96965.7,0.3059897651699339
SHORT,2025-05-13 12:30:00+00:00,CPI,high,6.0,0.29728083142082085,11.0,103983.2,13.0,103736.7,14.0,2025-05-13 12:44:00+00:00,103736.7,0.23762082271752138
LONG,2025-06-06 12:30:00+00:00,Unemployment Rate,high,8.0,-0.12304840897445768,13.0,103506.7,15.0,103895.7,16.0,2025-06-06 12:46:00+00:00,103895.8,0.3758210821135144
LONG,2025-06-11 12:30:00+00:00,CPI,high,6.0,-0.12601097861545396,7.0,109483.3,11.0,109729.7,12.0,2025-06-11 12:42:00+00:00,109729.7,0.22505715483547295
LONG,2025-07-03 12:30:00+00:00,Nonfarm Payrolls,high,5.0,-0.12176095757274741,20.0,108758.0,24.0,109021.0,25.0,2025-07-03 12:55:00+00:00,109024.0,0.24182129130729813
LONG,2025-07-15 12:30:00+00:00,CPI,high,7.0,-0.11616183568086136,14.0,116406.0,16.0,116805.7,17.0,2025-07-15 12:47:00+00:00,116805.9,0.34336718038587843
SHORT,2025-08-01 12:30:00+00:00,Nonfarm Payrolls,high,5.0,0.11075921983974002,42.0,116018.4,44.0,115782.0,45.0,2025-08-01 13:15:00+00:00,115782.1,0.204176815048962
LONG,2025-08-12 12:30:00+00:00,CPI,high,5.0,-0.17676598031641788,8.0,118695.7,9.0,118985.1,10.0,2025-08-12 12:40:00+00:00,118985.2,0.24381675157567617
LONG,2025-09-05 12:30:00+00:00,Nonfarm Payrolls,high,5.0,-0.29051751194649755,12.0,112400.0,14.0,112676.1,15.0,2025-09-05 12:45:00+00:00,112676.1,0.24564056939502255
SHORT,2025-09-11 12:30:00+00:00,CPI,high,8.0,0.2585145309971004,22.0,114151.7,31.0,113876.0,32.0,2025-09-11 13:02:00+00:00,113875.1,0.2421054480311824
SHORT,2025-10-24 12:30:00+00:00,CPI,high,14.0,0.15664272890485442,15.0,111594.1,18.0,111340.0,19.0,2025-10-24 12:49:00+00:00,111340.1,0.22821986707384223
SHORT,2025-11-20 13:30:00+00:00,Nonfarm Payrolls,high,9.0,0.12351397251815222,9.0,92117.9,11.0,91877.7,12.0,2025-11-20 13:42:00+00:00,91877.9,0.2614344938978608
LONG,2025-12-16 13:30:00+00:00,Nonfarm Payrolls,high,5.0,-0.38996908404765884,32.0,86109.0,35.0,86808.7,36.0,2025-12-16 14:06:00+00:00,86809.4,0.8125747598973332
SHORT,2025-12-18 13:30:00+00:00,CPI,high,6.0,0.14031423122333742,31.0,89480.0,37.0,88998.8,38.0,2025-12-18 14:08:00+00:00,89002.9,0.540681447390301
SHORT,2026-01-09 13:30:00+00:00,Nonfarm Payrolls,high,5.0,0.21307249432818143,7.0,90800.0,13.0,90617.9,14.0,2026-01-09 13:44:00+00:00,90618.0,0.2009536747154872
LONG,2026-01-13 13:30:00+00:00,CPI,high,7.0,-0.27589216656367377,31.0,91790.0,36.0,92010.3,37.0,2026-01-13 14:07:00+00:00,92010.3,0.24000435777318252
LONG,2026-02-11 13:30:00+00:00,Nonfarm Payrolls,high,7.0,-0.20842914150929204,23.0,66925.1,25.0,67200.9,26.0,2026-02-11 13:56:00+00:00,67203.1,0.41210248471796884
SHORT,2026-02-13 13:30:00+00:00,CPI,high,5.0,0.15884798099763398,5.0,67508.9,6.0,67331.0,7.0,2026-02-13 13:37:00+00:00,67326.1,0.2642170768293761
SHORT,2026-03-06 13:30:00+00:00,Nonfarm Payrolls,high,5.0,0.49353698167535764,5.0,70346.1,10.0,69980.3,11.0,2026-03-06 13:41:00+00:00,69979.7,0.522718536502409
LONG,2026-03-11 12:30:00+00:00,CPI,high,5.0,-0.26992632091144,17.0,69155.4,19.0,69310.2,20.0,2026-03-11 12:50:00+00:00,69310.0,0.22384369116512648
SHORT,2026-04-03 12:30:00+00:00,Nonfarm Payrolls,high,26.0,0.1193090268670316,26.0,66813.2,34.0,66624.1,35.0,2026-04-03 13:05:00+00:00,66630.8,0.28383122623794055
SHORT,2026-04-10 12:30:00+00:00,CPI,high,10.0,0.10277094251882612,11.0,72421.7,24.0,72200.1,25.0,2026-04-10 12:55:00+00:00,72200.1,0.30692478265264
SHORT,2026-05-08 12:30:00+00:00,Nonfarm Payrolls,high,25.0,0.12070202094667248,26.0,80160.5,36.0,79922.6,37.0,2026-05-08 13:07:00+00:00,79922.5,0.29766298894180476
SHORT,2026-05-12 12:30:00+00:00,CPI,high,5.0,0.22060910421548563,10.0,81004.1,44.0,80800.9,45.0,2026-05-12 13:15:00+00:00,80800.9,0.2514823473501071
LONG,2026-06-05 12:30:00+00:00,Nonfarm Payrolls,high,5.0,-0.6020330900713633,6.0,61625.1,7.0,61985.2,8.0,2026-06-05 12:38:00+00:00,61985.2,0.5843398225722884
SHORT,2026-06-10 12:30:00+00:00,CPI,high,6.0,0.4564658130360222,18.0,61807.7,22.0,61664.3,23.0,2026-06-10 12:53:00+00:00,61664.2,0.23254946541191313
LONG,2026-07-02 12:30:00+00:00,Nonfarm Payrolls,high,5.0,-0.28487620966759497,12.0,61303.1,19.0,61499.0,20.0,2026-07-02 12:50:00+00:00,61491.2,0.31955969600232503
LONG,2026-07-14 12:30:00+00:00,CPI,high,5.0,-0.10995942984698415,10.0,63395.4,12.0,63544.7,13.0,2026-07-14 12:43:00+00:00,63544.9,0.2355060461799896
LONG,2026-08-07 12:30:00+00:00,Nonfarm Payrolls,high,7.0,-0.13276482361463948,7.0,65009.5,10.0,65192.0,11.0,2026-08-07 12:41:00+00:00,65192.3,0.2807282012629031
SHORT,2026-08-12 12:30:00+00:00,CPI,high,22.0,0.1116777433286309,23.0,64181.0,35.0,64027.7,36.0,2026-08-12 13:06:00+00:00,64027.9,0.23942762273203577
SHORT,2026-09-04 12:30:00+00:00,Nonfarm Payrolls,high,9.0,0.1361643492421294,12.0,80104.5,13.0,79787.5,14.0,2026-09-04 12:44:00+00:00,79787.3,0.3973053423155237
SHORT,2026-09-11 12:30:00+00:00,CPI,high,5.0,0.9417954947140927,21.0,78159.9,24.0,77934.0,25.0,2026-09-11 12:55:00+00:00,77934.9,0.28986065132035055
SHORT,2026-10-02 12:30:00+00:00,Nonfarm Payrolls,high,6.0,0.1958884173483444,6.0,86992.4,10.0,86757.9,11.0,2026-10-02 12:41:00+00:00,86757.9,0.2702923883588726
