group,horizon_min,observations,win_rate_pct,avg_gross_return_pct,median_gross_return_pct,avg_net_return_pct,median_net_return_pct,profit_factor,best_trade_pct,worst_trade_pct
BULLISH_5M,15,2,100.0,0.0958081461981008,0.0958081461981008,-0.04419185380189919,-0.04419185380189919,inf,0.1456654505606169,0.0459508418355847
BULLISH_5M,30,2,50.0,-0.04927901647422406,-0.04927901647422406,-0.18927901647422404,-0.18927901647422404,0.5705968293155463,0.1309652674765349,-0.229523300424983
BULLISH_5M,45,2,50.0,0.0570971802202225,0.0570971802202225,-0.0829028197797775,-0.0829028197797775,2.419062352008204,0.1946660608409534,-0.0804717004005084
BULLISH_5M,60,2,50.0,0.0009237112143733982,0.0009237112143733982,-0.13907628878562658,-0.13907628878562658,1.0350906141382128,0.0544946180996541,-0.0526471956709073
NEUTRAL_5M,15,2,100.0,0.1364568290111001,0.1364568290111001,-0.003543170988899891,-0.003543170988899891,inf,0.2675956636657872,0.005317994356413
NEUTRAL_5M,30,2,100.0,0.9025921927233005,0.9025921927233005,0.7625921927233006,0.7625921927233006,inf,1.6532416895490565,0.1519426958975445
NEUTRAL_5M,45,2,100.0,0.9445691079295271,0.9445691079295271,0.8045691079295271,0.8045691079295271,inf,1.7631343087611495,0.1260039070979046
NEUTRAL_5M,60,2,50.0,0.5759457526297362,0.5759457526297362,0.43594575262973634,0.43594575262973634,3.9490214863742557,1.5424927642132324,-0.3906012589537599
BEARISH_5M,15,1,0.0,-0.3310832529733187,-0.3310832529733187,-0.47108325297331866,-0.47108325297331866,0.0,-0.3310832529733187,-0.3310832529733187
BEARISH_5M,30,1,0.0,-0.2999035679845718,-0.2999035679845718,-0.43990356798457175,-0.43990356798457175,0.0,-0.2999035679845718,-0.2999035679845718
BEARISH_5M,45,1,0.0,-0.4746062359370029,-0.4746062359370029,-0.6146062359370029,-0.6146062359370029,0.0,-0.4746062359370029,-0.4746062359370029
BEARISH_5M,60,1,0.0,-0.4601414336226295,-0.4601414336226295,-0.6001414336226295,-0.6001414336226295,0.0,-0.4601414336226295,-0.4601414336226295
LONG_RECOVERY_BEARISH_5M,15,1,0.0,-0.3310832529733187,-0.3310832529733187,-0.47108325297331866,-0.47108325297331866,0.0,-0.3310832529733187,-0.3310832529733187
LONG_RECOVERY_BEARISH_5M,30,1,0.0,-0.2999035679845718,-0.2999035679845718,-0.43990356798457175,-0.43990356798457175,0.0,-0.2999035679845718,-0.2999035679845718
LONG_RECOVERY_BEARISH_5M,45,1,0.0,-0.4746062359370029,-0.4746062359370029,-0.6146062359370029,-0.6146062359370029,0.0,-0.4746062359370029,-0.4746062359370029
LONG_RECOVERY_BEARISH_5M,60,1,0.0,-0.4601414336226295,-0.4601414336226295,-0.6001414336226295,-0.6001414336226295,0.0,-0.4601414336226295,-0.4601414336226295
SHORT_REJECTION_BULLISH_5M,15,2,100.0,0.0958081461981008,0.0958081461981008,-0.04419185380189919,-0.04419185380189919,inf,0.1456654505606169,0.0459508418355847
SHORT_REJECTION_BULLISH_5M,30,2,50.0,-0.04927901647422406,-0.04927901647422406,-0.18927901647422404,-0.18927901647422404,0.5705968293155463,0.1309652674765349,-0.229523300424983
SHORT_REJECTION_BULLISH_5M,45,2,50.0,0.0570971802202225,0.0570971802202225,-0.0829028197797775,-0.0829028197797775,2.419062352008204,0.1946660608409534,-0.0804717004005084
SHORT_REJECTION_BULLISH_5M,60,2,50.0,0.0009237112143733982,0.0009237112143733982,-0.13907628878562658,-0.13907628878562658,1.0350906141382128,0.0544946180996541,-0.0526471956709073
SHORT_REJECTION_NEUTRAL_5M,15,2,100.0,0.1364568290111001,0.1364568290111001,-0.003543170988899891,-0.003543170988899891,inf,0.2675956636657872,0.005317994356413
SHORT_REJECTION_NEUTRAL_5M,30,2,100.0,0.9025921927233005,0.9025921927233005,0.7625921927233006,0.7625921927233006,inf,1.6532416895490565,0.1519426958975445
SHORT_REJECTION_NEUTRAL_5M,45,2,100.0,0.9445691079295271,0.9445691079295271,0.8045691079295271,0.8045691079295271,inf,1.7631343087611495,0.1260039070979046
SHORT_REJECTION_NEUTRAL_5M,60,2,50.0,0.5759457526297362,0.5759457526297362,0.43594575262973634,0.43594575262973634,3.9490214863742557,1.5424927642132324,-0.3906012589537599
