tp_pct,sl_pct,trades,win_rate_pct,avg_gross_return_pct,median_gross_return_pct,avg_net_return_pct,median_net_return_pct,profit_factor,avg_entry_minute,avg_exit_minute,tp_exits_pct,sl_exits_pct,time_exits_pct
0.2,0.2,39,87.17948717948718,0.14892340595003367,0.20000000000000018,0.00892340595003364,0.060000000000000164,1.2048096192384645,21.58974358974359,34.92307692307692,87.17948717948718,12.82051282051282,0.0
0.2,0.3,39,92.3076923076923,0.1649365628613238,0.20000000000000018,0.024936562861323775,0.060000000000000164,1.8140414594247527,21.58974358974359,35.97435897435897,92.3076923076923,5.128205128205128,2.564102564102564
0.2,0.5,39,94.87179487179486,0.18529878452234977,0.20000000000000018,0.045298784522349735,0.060000000000000164,4.832528855320189,21.58974358974359,36.333333333333336,94.87179487179486,0.0,5.128205128205128
0.3,0.2,39,87.17948717948718,0.23242874953971993,0.29999999999998916,0.09242874953971991,0.15999999999998915,3.1214205770663273,21.58974358974359,41.1025641025641,84.61538461538461,12.82051282051282,2.564102564102564
0.3,0.3,39,89.74358974358975,0.23818549619459944,0.29999999999998916,0.0981854961945995,0.15999999999998915,3.3424856814269077,21.58974358974359,42.43589743589744,87.17948717948718,7.6923076923076925,5.128205128205128
0.3,0.5,39,92.3076923076923,0.2559964846895015,0.29999999999998916,0.11599648468950158,0.15999999999998915,5.109006757193611,21.58974358974359,42.94871794871795,89.74358974358975,2.564102564102564,7.6923076923076925
0.5,0.2,39,69.23076923076923,0.28942001620931174,0.49999999999998934,0.14942001620931178,0.35999999999998933,2.631703885169153,21.58974358974359,51.12820512820513,66.66666666666666,25.64102564102564,7.6923076923076925
0.5,0.3,39,71.7948717948718,0.29451123463170853,0.49999999999998934,0.15451123463170857,0.35999999999998933,2.6143257802133366,21.58974358974359,55.02564102564103,69.23076923076923,17.94871794871795,12.82051282051282
0.5,0.5,39,71.7948717948718,0.29850773868025,0.49999999999998934,0.15850773868025006,0.35999999999998933,2.728244382137194,21.58974358974359,56.35897435897436,69.23076923076923,7.6923076923076925,23.076923076923077
0.75,0.2,39,66.66666666666666,0.39978722848218234,0.7500000000000062,0.25978722848218233,0.6100000000000062,3.795708662641862,21.58974358974359,57.717948717948715,51.28205128205128,25.64102564102564,23.076923076923077
0.75,0.3,39,66.66666666666666,0.3852945329942779,0.7500000000000062,0.24529453299427786,0.6100000000000062,3.2835883634890664,21.58974358974359,62.07692307692308,51.28205128205128,17.94871794871795,30.76923076923077
0.75,0.5,39,66.66666666666666,0.3892910370428194,0.7500000000000062,0.2492910370428194,0.6100000000000062,3.4104777902010865,21.58974358974359,63.41025641025641,51.28205128205128,7.6923076923076925,41.02564102564102
1.0,0.2,39,61.53846153846154,0.4247695261715937,0.5137468305178805,0.2847695261715938,0.3737468305178805,3.58062084665678,21.58974358974359,64.58974358974359,35.8974358974359,30.76923076923077,33.33333333333333
1.0,0.3,39,61.53846153846154,0.40516139751648417,0.5137468305178805,0.26516139751648415,0.3737468305178805,3.0403723038855004,21.58974358974359,68.94871794871794,35.8974358974359,23.076923076923077,41.02564102564102
1.0,0.5,39,61.53846153846154,0.39894226705510943,0.5137468305178805,0.2589422670551095,0.3737468305178805,2.9015196136751533,21.58974358974359,70.41025641025641,35.8974358974359,12.82051282051282,51.28205128205128
