strategy,horizon,trades,long_trades,short_trades,win_rate,avg_return,median_return,total_return
A_RSI_volume,5m,3867,2034,1833,19.80863718644944,-0.13584282789618418,-0.12346604338661514,-525.3042154745442
A_RSI_volume,15m,3867,2034,1833,29.42849754331523,-0.12544055897058135,-0.09755319166106378,-485.07864153923805
A_RSI_volume,1h,3867,2034,1833,40.83268683734161,-0.12933092390739215,-0.08674550779996114,-500.1226827498854
B_RSI_volume_volatility,5m,2365,1262,1103,27.44186046511628,-0.13497104668326862,-0.11534651127184535,-319.20652540593034
B_RSI_volume_volatility,15m,2365,1262,1103,36.1522198731501,-0.11991541947853422,-0.08335551159863051,-283.5999670667334
B_RSI_volume_volatility,1h,2365,1262,1103,44.69344608879492,-0.1315724030753234,-0.07278217726198065,-311.16873327313976
C_RSI_volume_EMA,5m,3691,1936,1755,19.750745055540502,-0.13628059508495738,-0.12351423516356196,-503.01167645857777
C_RSI_volume_EMA,15m,3691,1936,1755,29.233270116499593,-0.1256967066015376,-0.09794357572793665,-463.9465440662752
C_RSI_volume_EMA,1h,3691,1936,1755,40.82904361961528,-0.12658402125295437,-0.08577890329212622,-467.22162244465454
