setup,n,avg_gross_pct,median_gross_pct,win_rate_gross_pct,avg_net_pct,win_rate_net_pct,profit_factor_net
SHORT after 0.10% 5m down shock -> 15m,10,0.07190953440806558,0.0756194556333023,60.0,-0.06809046559193445,30.0,0.5180159458259275
SHORT after 0.10% 5m down shock -> 30m,10,0.08998173628252948,0.07564634111845159,60.0,-0.050018263717470535,40.0,0.6867283894250464
SHORT after 0.10% 5m down shock -> 45m,10,0.08423134486999273,0.15953471587711876,70.0,-0.0557686551300073,60.0,0.7212720207136692
SHORT after 0.10% 5m down shock -> 60m,10,-0.01062922007135203,0.09129497895501437,60.0,-0.15062922007135207,40.0,0.4476085489446847
SHORT after 0.20% 5m down shock -> 15m,9,0.07399627532172677,0.0981100450814898,55.55555555555556,-0.06600372467827324,33.33333333333333,0.5519571478070929
SHORT after 0.20% 5m down shock -> 30m,9,0.07607881490269265,0.023550108704806227,55.55555555555556,-0.06392118509730736,33.33333333333333,0.6396871461479976
SHORT after 0.20% 5m down shock -> 45m,9,0.030900099514300877,0.15836552051153863,66.66666666666666,-0.10909990048569913,55.55555555555556,0.5092534460684733
SHORT after 0.20% 5m down shock -> 60m,9,-0.09331509016956316,0.08441383332791208,55.55555555555556,-0.2333150901695632,33.33333333333333,0.22994266958472676
SHORT after 0.30% 5m down shock -> 15m,7,0.01760666251704774,-0.006318716036901595,42.857142857142854,-0.12239333748295231,28.57142857142857,0.33272109038349773
SHORT after 0.30% 5m down shock -> 30m,7,0.09791681549664588,0.023550108704806227,57.14285714285714,-0.04208318450335413,42.857142857142854,0.7761419976113935
SHORT after 0.30% 5m down shock -> 45m,7,0.14749507172748016,0.1607039112426989,71.42857142857143,0.007495071727480159,71.42857142857143,1.0542861118538993
SHORT after 0.30% 5m down shock -> 60m,7,0.0965034688761698,0.09817612458211666,71.42857142857143,-0.043496531123830215,42.857142857142854,0.6731326857206477
SHORT after 0.50% 5m down shock -> 15m,3,-0.02940703705200202,-0.14195055898968967,33.33333333333333,-0.16940703705200202,33.33333333333333,0.4531826707947438
SHORT after 0.50% 5m down shock -> 30m,3,-0.07613322111404604,-0.2180891676755614,33.33333333333333,-0.21613322111404606,33.33333333333333,0.3745360959628915
SHORT after 0.50% 5m down shock -> 45m,3,0.01814253590015265,-0.3224722379952527,33.33333333333333,-0.12185746409984737,33.33333333333333,0.6217418496418041
SHORT after 0.50% 5m down shock -> 60m,3,0.06532469449666012,0.09817612458211666,66.66666666666666,-0.0746753055033399,33.33333333333333,0.6001629990979511
LONG after 5->15 recovery >=0.02% -> 30m,18,0.030544864032068367,0.053444261231505585,66.66666666666666,-0.10945513596793166,38.88888888888889,0.3267330847339614
LONG after 5->15 recovery >=0.02% -> 45m,18,-0.029829556923672347,-0.12622273883068358,33.33333333333333,-0.16982955692367238,22.22222222222222,0.3685977170708572
LONG after 5->15 recovery >=0.02% -> 60m,18,-0.031604304474316024,-0.06240585776226548,38.88888888888889,-0.17160430447431607,22.22222222222222,0.33912626959023484
LONG after 5->15 recovery >=0.05% -> 30m,14,0.06807361709504674,0.12788099584217782,78.57142857142857,-0.0719263829049533,50.0,0.48704983865610313
LONG after 5->15 recovery >=0.05% -> 45m,14,0.018405409833820757,-0.01499782919242576,42.857142857142854,-0.12159459016617931,28.57142857142857,0.5117927966200023
LONG after 5->15 recovery >=0.05% -> 60m,14,0.0011266193656949458,-0.06240585776226548,42.857142857142854,-0.13887338063430515,28.57142857142857,0.4491149825722573
LONG after 5->15 recovery >=0.10% -> 30m,11,0.08795798192287646,0.17945697001182648,81.81818181818183,-0.052042018077123546,54.54545454545454,0.5989802375094679
LONG after 5->15 recovery >=0.10% -> 45m,11,-0.0049401063603313955,-0.02806368945090787,36.36363636363637,-0.14494010636033144,27.27272727272727,0.46467875821150173
LONG after 5->15 recovery >=0.10% -> 60m,11,0.011881057079176183,-0.041216309045744026,45.45454545454545,-0.1281189429208239,27.27272727272727,0.4752055279065386
LONG after 5->15 recovery >=0.15% -> 30m,8,0.10086229618719855,0.18767736636375876,87.5,-0.03913770381280146,62.5,0.7153918068746833
LONG after 5->15 recovery >=0.15% -> 45m,8,0.013049543941887065,-0.07296585546384682,37.5,-0.12695045605811295,25.0,0.5693758096974478
LONG after 5->15 recovery >=0.15% -> 60m,8,0.014529972806752445,-0.06240585776226548,37.5,-0.1254700271932476,25.0,0.5567325787939233
LONG after 5->15 recovery >=0.20% -> 30m,8,0.10086229618719855,0.18767736636375876,87.5,-0.03913770381280146,62.5,0.7153918068746833
LONG after 5->15 recovery >=0.20% -> 45m,8,0.013049543941887065,-0.07296585546384682,37.5,-0.12695045605811295,25.0,0.5693758096974478
LONG after 5->15 recovery >=0.20% -> 60m,8,0.014529972806752445,-0.06240585776226548,37.5,-0.1254700271932476,25.0,0.5567325787939233
LONG after 15->30 recovery >=0.02% -> 45m,20,0.06723664193691914,-0.07751847158257164,40.0,-0.07276335806308087,25.0,0.6973041471714179
LONG after 15->30 recovery >=0.02% -> 60m,20,0.03313286481864519,-0.14940738188378155,40.0,-0.10686713518135485,35.0,0.5728953999212707
LONG after 15->30 recovery >=0.05% -> 45m,18,0.09616762769344916,-0.033645099497653375,44.44444444444444,-0.043832372306550856,27.77777777777778,0.809489046316556
LONG after 15->30 recovery >=0.05% -> 60m,18,0.04286780700601524,-0.15049539668494094,38.88888888888889,-0.09713219299398479,38.88888888888889,0.6211772828168611
LONG after 15->30 recovery >=0.10% -> 45m,16,0.10580021371539919,-0.044656684399374535,43.75,-0.03419978628460083,31.25,0.8596794124601875
LONG after 15->30 recovery >=0.10% -> 60m,16,0.07815447035995834,-0.09529205319196432,43.75,-0.06184552964004168,43.75,0.7434092451095279
LONG after 15->30 recovery >=0.15% -> 45m,15,0.12198247760672132,-0.0007833123144562748,46.666666666666664,-0.01801752239327871,33.33333333333333,0.925397060722141
LONG after 15->30 recovery >=0.15% -> 60m,15,0.10008378595451968,-0.052489212879813785,46.666666666666664,-0.039916214045480354,46.666666666666664,0.8272354971473014
LONG after 15->30 recovery >=0.20% -> 45m,13,0.16875639976851214,0.07477627421184074,53.84615384615385,0.02875639976851211,38.46153846153847,1.125506873060543
LONG after 15->30 recovery >=0.20% -> 60m,13,0.12227917591439794,-0.052489212879813785,46.15384615384615,-0.01772082408560209,46.15384615384615,0.9247911513585844
CPI 5m->60m LONG,19,0.1300818571848056,0.006915944987806455,52.63157894736842,-0.009918142815194413,36.84210526315789,0.9485928720769278
Nonfarm Payrolls 5m->60m LONG,19,-0.03499480839589748,-0.08254100803808395,47.368421052631575,-0.17499480839589754,36.84210526315789,0.5044159747486416
Unemployment Rate 5m->60m LONG,1,-0.185061583155266,-0.185061583155266,0.0,-0.325061583155266,0.0,0.0
