timestamp,open,high,low,close,rsi_14,ema_20,ema_50,ema_200,macd,macd_signal,relative_volume,return_5m,return_15m,return_1h,volatility_20,signal,bullish_score,bearish_score,bullish_reasons,bearish_reasons
2026-10-06 17:35:00+00:00,85642.5,85645.9,85544.0,85575.4,41.53193441119048,85699.9666853317,85895.03817274825,85917.3437027366,-127.99134057697664,-144.5915579591544,0.9632239775060074,-0.0007834895057945,0.0002700102744168,-0.0005360815591448,0.0007731769202416,HOLD,1,2,MACD bullish,EMA20 < EMA50 | 1h momentum negative
2026-10-06 17:40:00+00:00,85575.4,85616.3,85528.5,85616.3,49.02103855040789,85691.99842958583,85884.10726401302,85914.34824300789,-119.332107367547,-139.53966784083292,0.9826172495692204,0.0004779410905471,-0.0001996884393238,-0.0011631434037985,0.0007662573461554,HOLD,1,2,MACD bullish,EMA20 < EMA50 | 1h momentum negative
2026-10-06 17:45:00+00:00,85616.3,85621.6,85545.8,85581.0,47.61961015948,85681.42715057766,85872.22070463996,85911.03134506752,-114.00385220497265,-134.43250471366088,0.845370263819232,-0.0004123046662843,-0.0007181014099307,-0.0008242694824148,0.0007623542028801,HOLD,1,2,MACD bullish,EMA20 < EMA50 | 1h momentum negative
2026-10-06 17:50:00+00:00,85581.1,85761.5,85581.1,85745.3,51.59917039624512,85687.51027909407,85867.24342210506,85909.3822769574,-95.42355141145526,-126.63071405321976,1.024883166622873,0.0019198186513362,0.0019853836499743,0.0009315301959365,0.0008666321549476,HOLD,2,1,MACD bullish | 1h momentum positive,EMA20 < EMA50
2026-10-06 17:55:00+00:00,85743.2,85751.7,85703.8,85732.0,54.6473988439303,85691.74739537082,85861.93975849311,85907.61727917675,-80.83985647166264,-117.47254253690836,0.618311404245285,-0.000155110542502,0.001351378183827,0.0016859899261225,0.0008670867405475,HOLD,2,1,MACD bullish | 1h momentum positive,EMA20 < EMA50
2026-10-07 04:00:00+00:00,84162.6,84230.6,84145.1,84220.2,67.5139309805455,84181.0618893479,84551.35970396952,85317.05518123871,-111.16755137208384,-187.62473850411163,0.4082371910080066,0.0006832005151926,-0.0002124929218489,0.0023099965367903,0.0009224804558048,HOLD,2,1,MACD bullish | 1h momentum positive,EMA20 < EMA50
2026-10-07 04:05:00+00:00,84219.5,84219.5,84108.0,84152.3,63.3926932256288,84178.32266179097,84535.71030381384,85305.4655774453,-101.88282739350689,-170.47635628199072,0.2862555396936453,-0.0008062198854905,-0.000729097522137,0.0006159297507148,0.0009492898861513,HOLD,2,1,MACD bullish | 1h momentum positive,EMA20 < EMA50
2026-10-07 04:10:00+00:00,84152.4,84163.1,84138.3,84151.5,56.7813108371184,84175.76812257277,84520.64323307604,85293.98333289361,-93.5112308018288,-155.08333118595831,0.1614687966340076,-9.506573201201183e-06,-0.0001330755786114,0.0022557796910749,0.0009407246984781,HOLD,2,1,MACD bullish | 1h momentum positive,EMA20 < EMA50
2026-10-07 04:15:00+00:00,84151.5,84151.5,84068.7,84101.3,50.04442470013343,84168.67592042299,84504.19840040639,85282.11583704392,-89.89119095589558,-142.04490313994577,0.2624394334679683,-0.0005965431394567,-0.0014117753223097,-5.707077132344196e-05,0.0009449869431616,HOLD,1,2,MACD bullish,EMA20 < EMA50 | 1h momentum negative
2026-10-07 04:20:00+00:00,84101.4,84131.6,84056.0,84118.5,60.03593429158059,84163.89726133508,84489.07297293947,85270.53757000866,-84.65849659279047,-130.56762183051472,0.348101347090769,0.0002045152690861,-0.000401652717751,0.0009090681932031,0.0009211591016779,HOLD,2,1,MACD bullish | 1h momentum positive,EMA20 < EMA50
2026-10-07 04:25:00+00:00,84118.5,84187.1,84118.4,84156.6,53.750185652754986,84163.20228406508,84476.03481713792,85259.45361408818,-76.55472184570681,-119.76504183355316,0.1911104934126972,0.0004529324702651,6.060498030335815e-05,0.0019954994106372,0.000910814153395,HOLD,2,1,MACD bullish | 1h momentum positive,EMA20 < EMA50
2026-10-07 04:30:00+00:00,84156.6,84156.6,84050.0,84090.2,53.55927186621203,84156.24968558269,84460.90403999525,85247.8192497689,-74.63005819091632,-110.7380451050258,0.2408335493548021,-0.0007890052592429,-0.0001319836910963,9.51449890702616e-05,0.000931530866415,HOLD,2,1,MACD bullish | 1h momentum positive,EMA20 < EMA50
2026-10-07 04:35:00+00:00,84092.0,84153.6,84069.0,84106.0,59.16353383458613,84151.46400124147,84446.98623450524,85236.45786419907,-71.0112469720334,-102.79268547842732,0.1612848648215673,0.0001878934762908,-0.0001485998918192,-0.0003458722934899,0.0009308848518614,HOLD,1,2,MACD bullish,EMA20 < EMA50 | 1h momentum negative
2026-10-07 04:40:00+00:00,84105.6,84127.6,84037.1,84120.3,53.40482573726576,84148.49600112323,84434.17500962268,85225.35181579908,-66.22601029656653,-95.47935044205516,1.919936559797372,0.0001700235417212,-0.0004313387185319,-0.0003529411764705,0.0008258981550003,SELL,1,3,MACD bullish,EMA20 < EMA50 | 1h momentum negative | High volume + negative momentum
2026-10-07 04:45:00+00:00,84121.0,84143.1,84095.0,84140.5,50.512528473803535,84147.73447720673,84422.65834257865,85214.55727036824,-60.11078486370389,-88.4056373263849,0.8121931912406638,0.0002401322867369,0.0005981672061667,-0.0011586206241595,0.0008041213299238,HOLD,1,2,MACD bullish,EMA20 < EMA50 | 1h momentum negative
2026-10-07 04:50:00+00:00,84140.4,84180.6,84131.8,84131.8,48.25201690357315,84146.21690794895,84411.25213306578,85203.78356618548,-55.32864773125039,-81.79023940735802,0.3811211555882535,-0.0001033984823004,0.0003067557605878,-0.000972525847932,0.0007031855129693,HOLD,1,2,MACD bullish,EMA20 < EMA50 | 1h momentum negative
2026-10-07 04:55:00+00:00,84131.8,84131.8,84082.9,84099.8,35.11302475780424,84141.79625004905,84399.03832392595,85192.79865507915,-53.50413974733965,-76.13301947535435,0.3356695365065019,-0.0003803555849274,-0.0002436986078271,-0.0007473619548802,0.0005983628168538,HOLD,1,2,MACD bullish,EMA20 < EMA50 | 1h momentum negative
2026-10-07 05:00:00+00:00,84099.8,84135.8,84093.1,84098.2,36.925515055467855,84137.64422623486,84387.24074259552,85181.9071261729,-51.59258346653951,-71.22493227359138,0.3861208698838004,-1.9025015517315506e-05,-0.0005027305518745,-0.0014485835939596,0.0005713250062435,HOLD,1,2,MACD bullish,EMA20 < EMA50 | 1h momentum negative
2026-10-07 05:05:00+00:00,84098.1,84199.0,84078.8,84199.0,53.69277721261463,84143.48763326011,84379.85875268982,85172.12695576323,-41.465950101614,-65.2731358391959,0.447135274067736,0.001198598780949,0.0007987467283476,0.0005549462106204,0.0006047631596647,HOLD,2,1,MACD bullish | 1h momentum positive,EMA20 < EMA50
2026-10-07 05:10:00+00:00,84200.0,84219.9,84162.6,84179.2,45.48259144997814,84146.88881104486,84371.9897819961,85162.24708555664,-34.638918831638875,-59.1462924376845,0.8020431787770778,-0.00023515718714,0.0009441163950447,0.0003291682263535,0.000562833790254,HOLD,2,1,MACD bullish | 1h momentum positive,EMA20 < EMA50
2026-10-07 05:15:00+00:00,84179.2,84193.7,84165.0,84190.6,54.8200352378555,84151.05178142154,84364.87645721194,85152.57895535209,-27.98595793543791,-52.91422553723518,0.2245610701509997,0.0001354253782408,0.0010987155492032,0.0010618147400813,0.0005470618793725,HOLD,2,1,MACD bullish | 1h momentum positive,EMA20 < EMA50
2026-10-07 05:20:00+00:00,84190.7,84247.2,84190.7,84226.0,58.62468163926789,84158.18970700045,84359.43032163501,85143.35926425406,-19.630664265350788,-46.25751328285831,0.3499630392453243,0.0004204744947773,0.0003206688915544,0.0012779590696458,0.0005531066671175,HOLD,2,1,MACD bullish | 1h momentum positive,EMA20 < EMA50
2026-10-07 05:25:00+00:00,84225.9,84234.7,84189.7,84189.8,60.588657573581614,84161.20021109564,84352.77815215912,85133.87111237094,-15.748532025085296,-40.1557170313037,0.5450199393671676,-0.0004297960249803,0.0001259218429257,0.0003945026296214,0.0005091768257504,HOLD,2,1,MACD bullish | 1h momentum positive,EMA20 < EMA50
2026-10-07 05:30:00+00:00,84189.8,84248.4,84189.7,84219.4,61.72437834069139,84166.74304813416,84347.54763638819,85124.77189732247,-10.166251414906585,-34.15782390802428,1.1485851809317495,0.0003515865342356,0.0003420809449035,0.0015364453884043,0.000512051214157,HOLD,2,1,MACD bullish | 1h momentum positive,EMA20 < EMA50
2026-10-07 05:35:00+00:00,84219.4,84237.6,84170.6,84206.5,56.15897309306264,84170.52942450234,84342.01635652983,85115.63486351827,-6.705874852326815,-28.667434096884783,0.5263263780335424,-0.0001531713595679,-0.0002315199582076,0.001194920695313,0.000493378812397,HOLD,2,1,MACD bullish | 1h momentum positive,EMA20 < EMA50
2026-10-07 05:40:00+00:00,84207.6,84250.1,84200.6,84237.5,69.92155802001678,84176.90757454974,84337.9176758816,85106.89720318477,-1.4453989146713866,-23.223027060442107,4.452020014580071,0.000368142601818,0.0005665769487515,0.0013932427725531,0.0004760195935153,BUY,3,1,MACD bullish | 1h momentum positive | High volume + positive momentum,EMA20 < EMA50
2026-10-07 05:45:00+00:00,84238.2,84300.0,84223.5,84299.9,73.2884938746096,84188.62113887834,84336.42678663135,85098.86738026752,7.670306152314879,-17.04436041789071,0.7212455586432173,0.0007407627244397,0.0009558367786994,0.0018944503538722,0.000461819770613,HOLD,2,2,MACD bullish | 1h momentum positive,RSI overbought | EMA20 < EMA50
2026-10-07 05:50:00+00:00,84300.0,84323.8,84265.6,84323.8,73.89058464428302,84201.49531612803,84335.93161852816,85091.15526703103,16.631382131847204,-10.309211907943128,1.157188288455509,0.0002835116055892,0.0013930041030087,0.0022821335095648,0.0004632185511086,HOLD,2,2,MACD bullish | 1h momentum positive,RSI overbought | EMA20 < EMA50
2026-10-07 05:55:00+00:00,84323.9,84349.0,84267.8,84335.0,73.32693691532775,84214.21004792536,84335.89508446824,85083.63133402576,24.356084028826444,-3.376152720589213,1.2255060238981463,0.0001328213386968,0.0011574417569373,0.0027966772810399,0.0004330245797326,HOLD,2,2,MACD bullish | 1h momentum positive,RSI overbought | EMA20 < EMA50
2026-10-07 06:00:00+00:00,84335.1,84360.0,84263.6,84324.8,73.06405353728522,84224.74242431342,84335.45998311655,85076.0807734882,29.316963474848308,3.162470518498292,1.0124897973917184,-0.0001209462263591,0.0002953740158648,0.0026944690849508,0.0004365280759876,HOLD,2,2,MACD bullish | 1h momentum positive,RSI overbought | EMA20 < EMA50
2026-10-07 06:05:00+00:00,84324.9,84337.4,84287.3,84324.3,79.01266477125917,84234.22409818834,84335.02233671982,85068.60036778185,32.82970989581372,9.095918393961377,0.3469513135870158,-5.929453731234879e-06,5.929524048875479e-06,0.0014881411893252,0.0004302646550658,HOLD,2,2,MACD bullish | 1h momentum positive,RSI overbought | EMA20 < EMA50
2026-10-07 06:10:00+00:00,84324.3,84324.3,84296.3,84304.2,75.40700542673939,84240.88846978945,84333.81361763277,85060.99439397309,33.60431509860791,13.997597734890686,0.5901021467659984,-0.0002383654533747,-0.000365210173712,0.0014849273929902,0.0003857210976819,HOLD,2,2,MACD bullish | 1h momentum positive,RSI overbought | EMA20 < EMA50
2026-10-07 06:15:00+00:00,84304.1,84306.4,84166.0,84173.0,47.016980266177065,84234.42290123807,84327.50720125501,85052.15862885893,23.36214749283681,15.870507686479913,0.7254349732213711,-0.001556268845443,-0.0018001821528186,-0.00020904946633,0.0005382710347634,HOLD,1,2,MACD bullish,EMA20 < EMA50 | 1h momentum negative
2026-10-07 06:20:00+00:00,84176.0,84207.8,84142.6,84203.5,52.72116461366223,84231.47786302492,84322.64417375482,85043.71426439268,17.50447033738601,16.197300216661134,1.296886998268474,0.0003623489717605,-0.0014325645158038,-0.0002671384133166,0.0005424190303356,HOLD,1,2,MACD bullish,EMA20 < EMA50 | 1h momentum negative
2026-10-07 06:25:00+00:00,84203.5,84234.7,84165.9,84192.7,50.23547880690641,84227.78473321302,84317.54832380365,85035.2464607669,11.854102533703552,15.328660680069618,1.1059317726315605,-0.0001282607017523,-0.0013225912825221,3.4445978016162115e-05,0.0005418619682525,HOLD,1,2,1h momentum positive,EMA20 < EMA50 | MACD bearish
2026-10-07 06:30:00+00:00,84192.8,84285.0,84179.1,84285.0,55.86714399363577,84233.23380624034,84316.27191894861,85027.78132185379,14.655049667184358,15.193938477492567,0.3754553121999224,0.0010962945718571,0.0013305929454814,0.000778917921524,0.000590411996307,HOLD,1,2,1h momentum positive,EMA20 < EMA50 | MACD bearish
2026-10-07 06:35:00+00:00,84285.0,84320.8,84262.1,84293.7,60.9299389859033,84238.99249136032,84315.3867456565,85020.47703009406,17.3765318980586,15.630457161605776,0.7534226002121843,0.000103221213739,0.0010712143794497,0.0010355495122109,0.0005798952259787,HOLD,2,1,MACD bullish | 1h momentum positive,EMA20 < EMA50
2026-10-07 06:40:00+00:00,84293.7,84392.8,84293.6,84329.6,61.44102990033329,84247.62177789742,84315.94412817979,85013.60263178467,22.17454182938673,16.939274095161966,0.927439498102716,0.0004258918519415,0.0016260317105878,0.0010933372903991,0.0005829961453978,HOLD,2,1,MACD bullish | 1h momentum positive,EMA20 < EMA50
2026-10-07 06:45:00+00:00,84332.5,84352.4,84264.1,84300.2,59.40574181891118,84252.62922762148,84315.32671138842,85006.50409813508,23.335665942780903,18.21855246468576,0.8203270782939431,-0.0003486320343035,0.0001803405113602,3.558723082663917e-06,0.0005355118798536,HOLD,2,1,MACD bullish | 1h momentum positive,EMA20 < EMA50
2026-10-07 07:00:00+00:00,84224.7,84245.5,84200.0,84200.1,37.13869827406999,84247.08084140543,84305.98786340198,84983.65854609273,10.375014791628928,16.906766308960666,0.8441199993261586,-0.000292075839985,-0.0011874230428871,-0.0014788057605829,0.0005528974916067,SELL,0,3,,EMA20 < EMA50 | MACD bearish | 1h momentum negative
2026-10-07 07:05:00+00:00,84200.0,84216.0,84159.4,84159.4,32.79780564263345,84238.73028508111,84300.23931973916,84975.45696851968,2.032588028392638,13.93193065284706,0.9687668770162018,-0.0004833723475389,-0.0013894739340148,-0.0019555454358946,0.0005551370427575,SELL,0,3,,EMA20 < EMA50 | MACD bearish | 1h momentum negative
2026-10-07 07:10:00+00:00,84159.4,84270.4,84159.4,84266.5,45.20006586530546,84241.37501983528,84298.91620916117,84968.40267032545,4.016925031231949,11.94892952852404,1.0727304539484026,0.00127258511824,0.0004962914679422,-0.0004471900569603,0.0006216195187941,SELL,0,3,,EMA20 < EMA50 | MACD bearish | 1h momentum negative
2026-10-07 07:15:00+00:00,84266.5,84267.3,84176.6,84176.6,39.40002870676104,84235.20597032717,84294.11949507642,84960.52403678988,-1.6456818757433211,9.230007247670567,0.4161926694374362,-0.0010668533758966,-0.0002790970557041,4.2769058961944495e-05,0.0006675248649117,HOLD,1,2,1h momentum positive,EMA20 < EMA50 | MACD bearish
2026-10-07 07:20:00+00:00,84176.7,84275.7,84175.1,84237.3,45.46317645463227,84235.40540172458,84291.89127958323,84953.32777771735,-1.221277807111619,7.139750236714132,0.8017195670622876,0.0007211030143767,0.0009256244697564,0.0004014084925212,0.0006827504968363,HOLD,1,2,1h momentum positive,EMA20 < EMA50 | MACD bearish
2026-10-07 07:25:00+00:00,84237.3,84245.9,84202.7,84235.9,55.17695473250957,84235.45250632224,84289.69554312898,84946.18919286445,-0.9865307128056884,5.514494046810169,0.1886907501357069,-1.6619715969112825e-05,-0.0003631336296155,0.0005131086186807,0.0006601370502927,HOLD,1,2,1h momentum positive,EMA20 < EMA50 | MACD bearish
2026-10-07 07:30:00+00:00,84237.7,84306.7,84237.7,84282.0,56.29914941421888,84239.88560095822,84289.39375712392,84939.58034517425,2.8861233435600298,4.988819906160141,5.836409488361294,0.0005472725999247,0.0012521294516527,-3.5593521979016e-05,0.0006694620840226,SELL,0,4,,EMA20 < EMA50 | MACD bearish | 1h momentum negative | High volume + negative momentum
2026-10-07 07:35:00+00:00,84282.1,84300.0,84232.8,84247.9,54.26980198019754,84240.64887705745,84287.7665509622,84932.69795367999,3.16713579975476,4.624483084879065,4.820024801459585,-0.0004045941007571,0.0001258349923369,-0.0005433383515019,0.0006735845472383,SELL,0,4,,EMA20 < EMA50 | MACD bearish | 1h momentum negative | High volume + negative momentum
2026-10-07 07:40:00+00:00,84247.9,84325.1,84243.0,84319.2,52.73425007994844,84248.1299363853,84288.9992352382,84926.59349642946,9.038958826116868,5.507378233126626,6.388640093688109,0.0008463118962016,0.0009888895352219,-0.0001233256175768,0.0007024383201344,SELL,1,3,MACD bullish,EMA20 < EMA50 | 1h momentum negative | High volume + negative momentum
2026-10-07 07:45:00+00:00,84319.2,84319.2,84248.9,84254.5,47.12356912239544,84248.7366091105,84287.64632405239,84919.90599895256,8.375128333078464,6.080928253116994,3.06191161868706,-0.0007673222706097,-0.0003262855651265,-0.000542110220379,0.00072293389805,SELL,1,3,MACD bullish,EMA20 < EMA50 | 1h momentum negative | High volume + negative momentum
2026-10-07 07:50:00+00:00,84254.5,84259.1,84156.5,84159.7,38.524922328785536,84240.25693205236,84282.62882114838,84912.34176015701,0.1971969971491489,4.9041820019234255,3.217548319541802,-0.0011251624542309,-0.0010469103680922,-0.001385914222826,0.0007618154645727,SELL,0,4,,EMA20 < EMA50 | MACD bearish | 1h momentum negative | High volume + negative momentum
2026-10-07 07:55:00+00:00,84159.7,84185.6,84106.3,84148.8,39.51233028539827,84231.54674804737,84277.38063208373,84904.7443297077,-7.0817770922294585,2.5069901830928485,2.372285953447136,-0.0001295156708019,-0.0020208920388238,-0.0009011608233688,0.0006791587724542,SELL,0,4,,EMA20 < EMA50 | MACD bearish | 1h momentum negative | High volume + negative momentum
2026-10-07 08:00:00+00:00,84143.9,84153.6,84022.8,84108.6,38.62928348909723,84219.83753394762,84270.76178376672,84896.82249558126,-15.910810614193906,-1.1765699763645023,1.0451827278875614,-0.0004777251725514,-0.0017316582497076,-0.001086697046678,0.0006806238179127,SELL,0,3,,EMA20 < EMA50 | MACD bearish | 1h momentum negative
2026-10-07 08:05:00+00:00,84103.5,84124.2,84032.3,84076.0,39.660686969823885,84206.1387211907,84263.12406675627,84888.65510756553,-25.24739459164266,-5.990734899420134,0.276203794150037,-0.0003875941342502,-0.0009945377657001,-0.0009909766466965,0.0006845287785096,SELL,0,3,,EMA20 < EMA50 | MACD bearish | 1h momentum negative
2026-10-07 08:10:00+00:00,84075.9,84076.0,84019.0,84048.6,39.506856905388894,84191.13503345825,84254.71135825601,84880.29635027632,-34.46041742761736,-11.68467140505958,0.6612027624804218,-0.0003258956182501,-0.0011907478181506,-0.0025858437220009,0.0006286828635422,SELL,0,3,,EMA20 < EMA50 | MACD bearish | 1h momentum negative
2026-10-07 11:05:00+00:00,83774.9,83843.0,83736.5,83814.9,50.59918229240099,83808.518322734,83933.27465331771,84576.62003268808,-49.88737743822276,-61.78932925892183,0.4250721384157224,0.0004906068484418,0.0002553897378674,0.0004285083374113,0.0008325246133411,HOLD,2,1,MACD bullish | 1h momentum positive,EMA20 < EMA50
2026-10-07 11:10:00+00:00,83812.5,83841.3,83791.9,83832.6,54.140310523289806,83810.81181580696,83929.32662769742,84569.21684828323,-42.232528093329165,-57.8779690258033,0.5555928757089414,0.0002111796351247,0.0009958304079322,-0.000147891943467,0.000786121926071,HOLD,1,2,MACD bullish,EMA20 < EMA50 | 1h momentum negative
2026-10-07 11:15:00+00:00,83832.5,83835.9,83658.6,83681.5,44.21502313990732,83798.49640477773,83919.60793641517,84560.38384481774,-47.807417887597694,-55.86385879816218,0.585476835589844,-0.0018024014524183,-0.0011017764503938,-0.0025935915879908,0.0008798265307119,HOLD,1,2,MACD bullish,EMA20 < EMA50 | 1h momentum negative
2026-10-07 11:20:00+00:00,83677.5,83751.4,83609.9,83709.5,41.58071330930764,83790.02055670366,83911.36840949694,84551.91733889916,-49.39677692425903,-54.57044242338156,0.9190501081948792,0.0003346020327072,-0.0012575329684816,-0.0024120535943054,0.000838848637029,HOLD,1,2,MACD bullish,EMA20 < EMA50 | 1h momentum negative
2026-10-07 11:25:00+00:00,83709.5,83750.0,83678.7,83731.6,39.16138216642916,83784.45669416044,83904.31866794804,84543.75497731808,-48.31611204499495,-53.31957634770424,0.359229080697121,0.0002640082666842,-0.0012047819106171,-0.0018001349505141,0.0008327879243332,HOLD,1,2,MACD bullish,EMA20 < EMA50 | 1h momentum negative
2026-10-07 11:30:00+00:00,83732.4,83739.4,83641.0,83680.0,35.71164510166395,83774.50843757374,83895.52185744028,84535.16040042935,-51.03506563481642,-52.86267420512668,0.5812445253528329,-0.0006162547950834,-1.792510889508936e-05,-0.0005446362880648,0.0008111585148377,HOLD,1,2,MACD bullish,EMA20 < EMA50 | 1h momentum negative
2026-10-07 11:35:00+00:00,83680.0,83690.2,83609.8,83615.1,34.2108369732028,83759.32668161433,83884.52492185439,84526.00557057433,-57.76091171648295,-53.84232170739794,0.4634867697916314,-0.0007755736137666,-0.0011277095192301,-0.0014378608833767,0.0008046538448509,SELL,0,3,,EMA20 < EMA50 | MACD bearish | 1h momentum negative
2026-10-07 11:40:00+00:00,83615.1,83673.3,83584.9,83661.9,45.67783959831645,83750.04795003202,83875.79453276207,84517.40750519549,-58.63887190335663,-54.801631746589685,0.7313314808935556,0.0005597075169436,-0.0008324216902581,0.0001769338088228,0.000815767956612,HOLD,1,2,1h momentum positive,EMA20 < EMA50 | MACD bearish
2026-10-07 11:45:00+00:00,83659.4,83668.0,83538.6,83615.7,42.25297465080164,83737.25290717183,83865.59474716356,84508.43529121345,-62.34395328164101,-56.31009605359996,2.0435279740881107,-0.0005522226963527,-0.0007684034416826,-0.0013269347449085,0.0008223224723394,SELL,0,4,,EMA20 < EMA50 | MACD bearish | 1h momentum negative | High volume + negative momentum
2026-10-07 11:50:00+00:00,83615.8,83666.0,83564.5,83665.1,51.225824026150896,83730.3812017269,83857.73220805911,84500.04389528098,-60.59558167451178,-57.16719317778232,0.5739739481492491,0.0005907981395838,0.0005979781163929,-0.0015323384272049,0.0008122826560581,SELL,0,3,,EMA20 < EMA50 | MACD bearish | 1h momentum negative
2026-10-07 11:55:00+00:00,83665.1,83754.0,83643.0,83736.0,50.6341328921972,83730.91632537196,83852.95839597836,84492.44146846226,-52.87938646465773,-56.30963183515741,0.9729064648735224,0.0008474262267061,0.0008857078311632,-0.0001576134458597,0.0008233216877962,HOLD,1,2,MACD bullish,EMA20 < EMA50 | 1h momentum negative
2026-10-07 12:00:00+00:00,83736.1,83755.9,83601.7,83645.9,40.1442307692306,83722.81953247939,83844.83845888118,84484.01817026861,-53.41878467386414,-55.73146240289876,0.9700190184442042,-0.0010760007643069,0.0003611761905957,-0.0015267303142511,0.0008491507877002,HOLD,1,2,MACD bullish,EMA20 < EMA50 | 1h momentum negative
2026-10-07 12:05:00+00:00,83644.9,83676.3,83627.9,83649.1,42.92779426310671,83715.79862462422,83837.16244088585,84475.71052678335,-52.97735837426444,-55.1806415971719,0.4161035779344427,3.825650749189613e-05,-0.0001912386407235,-0.001978168559528,0.0008489886955169,HOLD,1,2,MACD bullish,EMA20 < EMA50 | 1h momentum negative
2026-10-07 12:10:00+00:00,83652.2,83661.1,83596.3,83661.1,41.89325276938615,83710.58923180288,83830.25803143934,84467.60494940242,-51.0705160212965,-54.358616481996826,1.2228068844954645,0.0001434564149525,-0.0008944778828698,-0.0020457435412953,0.0007458508471963,HOLD,1,2,MACD bullish,EMA20 < EMA50 | 1h momentum negative
2026-10-07 12:15:00+00:00,83661.1,83690.3,83540.0,83540.2,32.27513227513333,83694.36168591688,83818.88320667701,84458.37703945812,-58.6389954767219,-55.21469228094185,1.2560817947716056,-0.0014451160694756,-0.0012636602630852,-0.0016885452579125,0.0008079244321927,SELL,0,3,,EMA20 < EMA50 | MACD bearish | 1h momentum negative
2026-10-07 12:20:00+00:00,83540.2,83619.2,83520.1,83531.8,30.355276907001382,83678.87962059146,83807.62504170928,84449.15736742372,-64.57055065715394,-57.08586395618427,1.500575683807674,-0.0001005503937026,-0.0014022864561603,-0.0021228176013474,0.0007771237938373,SELL,0,4,,EMA20 < EMA50 | MACD bearish | 1h momentum negative | High volume + negative momentum
2026-10-07 12:25:00+00:00,83531.7,83540.4,83442.4,83479.5,34.85302939412158,83659.89108529703,83794.75739301479,84439.50903540956,-72.65401354031928,-60.19949387301128,1.9197879415821173,-0.000626108859141,-0.0021706623508417,-0.0030108107333433,0.0007475271877498,SELL,0,4,,EMA20 < EMA50 | MACD bearish | 1h momentum negative | High volume + negative momentum
2026-10-07 12:30:00+00:00,83479.5,83600.3,83451.9,83567.4,40.222925553873424,83651.08241050685,83785.84141681813,84430.8313335647,-71.1472791776614,-62.389050933941306,1.6535791041796424,0.001052953120227,0.0003255917510371,-0.0013456022944551,0.0007665235993403,SELL,0,4,,EMA20 < EMA50 | MACD bearish | 1h momentum negative | High volume + negative momentum
2026-10-07 12:35:00+00:00,83566.1,83726.5,83558.4,83635.1,43.752427813026166,83649.56027617285,83779.92998870762,84422.91360885261,-63.75542428750487,-62.662325604654015,1.29027856451511,0.000810124522242,0.0012366547829689,0.0002391912465571,0.0007884613509378,HOLD,1,2,1h momentum positive,EMA20 < EMA50 | MACD bearish
2026-10-07 12:40:00+00:00,83634.1,83634.1,83495.9,83518.6,40.36072623029193,83637.08786891829,83769.68175385635,84413.9154634909,-66.53097473783419,-63.43605543129005,1.694827068277427,-0.0013929558283544,0.0004683784641739,-0.0017128465884708,0.0008364904015737,SELL,0,4,,EMA20 < EMA50 | MACD bearish | 1h momentum negative | High volume + negative momentum
2026-10-07 12:45:00+00:00,83518.9,83525.0,83420.1,83489.1,42.14267897231246,83622.99378616417,83758.67854782277,84404.71331957557,-70.30063990844064,-64.80897232672017,1.93394418682973,-0.00035321473300553574,-0.000936968243597236,-0.0015140697261398772,0.0008235419868110529,SELL,0,4,,EMA20 < EMA50 | MACD bearish | 1h momentum negative | High volume + negative momentum
