condition,samples,5m_gross,5m_median,5m_up_rate,5m_long_net,5m_short_net,15m_gross,15m_median,15m_up_rate,15m_long_net,15m_short_net,30m_gross,30m_median,30m_up_rate,30m_long_net,30m_short_net,1h_gross,1h_median,1h_up_rate,1h_long_net,1h_short_net,2h_gross,2h_median,2h_up_rate,2h_long_net,2h_short_net,4h_gross,4h_median,4h_up_rate,4h_long_net,4h_short_net
TREND=BULL,37683,-2.4797481770804375e-06,-1.922768787054885e-05,0.48536475333704854,-0.0014024797481770805,-0.0013975202518229195,-4.775400226765092e-06,-6.740726979193035e-05,0.4788366106732479,-0.0014047754002267652,-0.0013952245997732348,-3.7589212850405184e-06,-9.261746209632271e-05,0.479977708781148,-0.0014037589212850404,-0.0013962410787149596,-6.574808261028434e-06,-0.00015890417708575022,0.4739006979274474,-0.0014065748082610285,-0.0013934251917389715,-1.9015356000861623e-05,-0.00022763320213825544,0.4741926067457474,-0.0014190153560008616,-0.0013809846439991383,-3.941149826102982e-05,-0.00030497330736090067,0.47402235378447977,-0.00143941149826103,-0.00136058850173897
TREND=BEAR,37330,-4.410186507167928e-06,1.3979229660510128e-05,0.5074071097538108,-0.0014044101865071678,-0.0013955898134928322,-1.1816289943224625e-05,5.198504909986745e-05,0.5139711201007314,-0.0014118162899432246,-0.0013881837100567754,-1.0176222964434834e-05,0.00011503566503123785,0.5231754367163219,-0.0014101762229644349,-0.0013898237770355651,1.2982519685024233e-06,0.00018631294574977808,0.5262170779412159,-0.0013987017480314977,-0.0014012982519685023,1.2294985992561016e-05,0.0003872224416916481,0.5388098491546768,-0.001387705014007439,-0.001412294985992561,1.1362114857627708e-06,0.0005888864290457541,0.5404710232296439,-0.0013988637885142372,-0.0014011362114857628
TREND=MIXED,30057,5.037746013160934e-07,0.0,0.49921815217752935,-0.001399496225398684,-0.001400503774601316,-3.5632044523499526e-06,-1.2473435480386819e-05,0.49619057124796223,-0.0014035632044523498,-0.0013964367955476501,-3.135702880214276e-05,0.0,0.4996506637388961,-0.0014313570288021428,-0.0013686429711978572,-9.151403722533392e-05,1.6988198502709828e-05,0.5026953280979636,-0.001491514037225334,-0.001308485962774666,-0.00018893151994523128,-2.174280629929637e-05,0.4973368841544607,-0.0015889315199452312,-0.0012110684800547688,-0.0003386078253112959,-0.00010237231166326799,0.4916089504528503,-0.001738607825311296,-0.001061392174688704
MOMENTUM=POSITIVE,25947,-1.0378405796877684e-05,-6.12798156277572e-05,0.4739661617913439,-0.0014103784057968778,-0.0013896215942031222,-2.484321703347863e-05,-0.00013956846073626128,0.466258141596331,-0.0014248432170334787,-0.0013751567829665213,-4.044308174076137e-05,-0.00018155481968851195,0.4696882105831117,-0.0014404430817407613,-0.0013595569182592387,-5.948703957725294e-05,-0.00026247570169790624,0.4688403283616603,-0.001459487039577253,-0.001340512960422747,-0.00012481810474926456,-0.00032255048125162666,0.47327243997379276,-0.0015248181047492647,-0.0012751818952507353,-2.6677002706298915e-05,-0.0003981021617771585,0.47467622571692875,-0.0014266770027062988,-0.0013733229972937011
MOMENTUM=NEGATIVE,26343,6.764911099537479e-06,5.7543243635160835e-05,0.5230050869334143,-0.0013932350889004626,-0.0014067649110995374,3.993305813091789e-06,0.00013087595775518324,0.5276565050681448,-0.0013960066941869082,-0.0014039933058130917,9.18936999070001e-06,0.00019788278190002728,0.530579704642952,-0.0013908106300093,-0.0014091893699907,1.6797825529580386e-05,0.0002396103341879563,0.5267314702308628,-0.0013832021744704195,-0.0014167978255295805,2.160219604214033e-05,0.00039345478433205905,0.5313580246913581,-0.0013783978039578597,-0.0014216021960421403,-0.00015018901797074087,0.0003154952857187254,0.5200486488540914,-0.0015501890179707408,-0.0012498109820292592
MOMENTUM=NEUTRAL,52780,-2.8769049348932715e-06,-9.016108293846692e-07,0.4956612353164077,-0.0014028769049348932,-0.0013971230950651067,-3.5752479913450006e-06,-1.0335890604951103e-05,0.49538642263021276,-0.001403575247991345,-0.001396424752008655,-1.24420862591376e-05,6.274755100843521e-06,0.5015347885402456,-0.0014124420862591375,-0.0013875579137408625,-3.502342028255234e-05,2.0030014205918434e-05,0.5034201800094742,-0.0014350234202825524,-0.0013649765797174476,-6.183338772909085e-05,3.908882243053302e-05,0.5050024633342176,-0.0014618333877290909,-0.0013381666122709091,-0.0001320417094665898,8.624817849001154e-05,0.5077605321507761,-0.0015320417094665897,-0.0012679582905334103
RSI=OVERSOLD,4055,9.709940702521755e-06,0.00011878674965082325,0.5366214549938347,-0.0013902900592974781,-0.0014097099407025218,2.2944994194493847e-05,0.0002821065807911971,0.5524044389642416,-0.001377055005805506,-0.0014229449941944939,5.44450382406284e-05,0.00041712430710649784,0.5588162762022195,-0.0013455549617593717,-0.0014544450382406283,6.260386350857092e-05,0.0003814138235693765,0.5509247842170161,-0.001337396136491429,-0.0014626038635085709,2.0735879861191552e-05,0.0005528136589318944,0.5450061652281134,-0.0013792641201388085,-0.0014207358798611915,-0.0001608087624240892,0.0005064647828862956,0.534648581997534,-0.0015608087624240893,-0.0012391912375759107
RSI=OVERBOUGHT,3872,-3.011077201944298e-05,-0.00014504663619574476,0.4462809917355372,-0.001430110772019443,-0.001369889227980557,-8.258140751387315e-05,-0.00032368546291278166,0.4238119834710744,-0.001482581407513873,-0.0013174185924861269,-0.00012396111586515462,-0.0004371749524091362,0.42794421487603307,-0.0015239611158651546,-0.0012760388841348454,-8.843412146152653e-05,-0.0005407113325520685,0.4284607438016529,-0.0014884341214615265,-0.0013115658785384735,-0.00010089007135579985,-0.000489942796873033,0.45480371900826444,-0.0015008900713558,-0.0012991099286442,-0.00011549846016208515,-0.0006859912974059301,0.45170454545454547,-0.0015154984601620852,-0.0012845015398379148
RSI=NORMAL,97143,-1.7059062998566878e-06,0.0,0.4975396841736839,-0.0014017059062998566,-0.0013982940937001434,-5.161663982346847e-06,-8.972701112830439e-06,0.4968293185093679,-0.0014051616639823468,-0.0013948383360176532,-1.2402690847469259e-05,7.487832272667916e-06,0.501446410739471,-0.0014124026908474692,-0.0013875973091525308,-2.945429817878821e-05,9.90611207107861e-06,0.5015082723332407,-0.0014294542981787882,-0.0013705457018212117,-5.793521755457057e-05,3.907911221445737e-05,0.5040002471195132,-0.0014579352175545705,-0.0013420647824454294,-0.00010826393453923121,4.380601694409236e-05,0.5033626860291467,-0.0015082639345392313,-0.0012917360654607687
VOLUME=HIGH,19629,-9.258909019813065e-06,-5.149526061898335e-06,0.4950071326676177,-0.001409258909019813,-0.001390741090980187,-2.2052974954001193e-05,-9.029261344495332e-06,0.4968412471978806,-0.0014220529749540013,-0.0013779470250459987,-1.2867582375263988e-05,-1.5621743677529665e-06,0.49949052374159364,-0.001412867582375264,-0.001387132417624736,-3.667468832290218e-06,-3.0784717851561894e-06,0.4992102715646813,-0.0014036674688322902,-0.0013963325311677098,7.886068947254477e-06,4.23878488167162e-05,0.5037448412900596,-0.0013921139310527455,-0.0014078860689472545,-0.00010141554712351064,3.094686006377412e-05,0.5021402364451691,-0.0015014155471235106,-0.0012985844528764893
VOLUME=NORMAL,30755,-4.3553594587978115e-08,0.0,0.4988132011055113,-0.001400043553594588,-0.001399956446405412,3.294261826810609e-06,-1.1322191353579925e-05,0.49679726873679075,-0.0013967057381731893,-0.0014032942618268107,-7.129098495752493e-06,7.287761790375491e-06,0.5011705794368212,-0.0014071290984957524,-0.0013928709015042476,-1.586166816741519e-05,-7.3632294506076335e-06,0.49876438837224424,-0.001415861668167415,-0.0013841383318325849,-2.698400848323308e-05,2.040642171530216e-05,0.5021625312997952,-0.001426984008483233,-0.001373015991516767,-4.758111197702132e-05,8.754858946713462e-05,0.5055788686119514,-0.0014475811119770213,-0.0013524188880229787
VOLUME=LOW,54686,-1.094556055458285e-06,0.0,0.49700106060051935,-0.0014010945560554583,-0.0013989054439445417,-7.252149216711321e-06,-1.1513527190087913e-05,0.4957940165313437,-0.0014072521492167114,-0.0013927478507832886,-1.8143992345098908e-05,6.255439782720806e-06,0.5013532789583409,-0.0014181439923450989,-0.0013818560076549011,-4.370562639836872e-05,1.562240207841903e-05,0.5023684547433107,-0.0014437056263983687,-0.0013562943736016313,-9.618364285312663e-05,4.586874214251857e-05,0.5046828126143265,-0.0014961836428531265,-0.0013038163571468734,-0.00014926371065785804,1.5542545263480534e-05,0.5012166785590135,-0.001549263710657858,-0.001250736289342142
VOLATILITY=HIGH,52535,1.7457356944172893e-06,-2.181790252853144e-06,0.4986675295998782,-0.0013982542643055827,-0.0014017457356944173,4.757145666028923e-06,-1.1557740391687776e-05,0.49750628188532703,-0.001395242854333971,-0.001404757145666029,1.0813625517161698e-05,2.9394839396790218e-05,0.5041405699708732,-0.0013891863744828383,-0.0014108136255171616,3.765044417445138e-05,4.5419912771071935e-05,0.5046170249224149,-0.0013623495558255487,-0.0014376504441744513,4.604064518569199e-05,8.934861927101245e-05,0.5062177448534593,-0.001353959354814308,-0.001446040645185692,1.2424956298476813e-05,5.8218739447779555e-05,0.5031150570617486,-0.0013875750437015231,-0.0014124249562984768
VOLATILITY=LOW,52535,-6.369862538531527e-06,0.0,0.4956505187018178,-0.0014063698625385315,-0.0013936301374614685,-1.861653514434279e-05,-1.0879853774681258e-05,0.49506043589987625,-0.0014186165351443428,-0.0013813834648556571,-3.8678822236713406e-05,-7.79453603028113e-06,0.49776339583135054,-0.0014386788222367135,-0.0013613211777632865,-9.378505696298397e-05,-1.253347006213712e-05,0.496830684305701,-0.0014937850569629839,-0.001306214943037016,-0.00015895713479548368,1.0663001753341561e-05,0.5013229275720948,-0.0015589571347954837,-0.0012410428652045162,-0.000233431521361037,2.3911432055712112e-05,0.5022175692395546,-0.001633431521361037,-0.0011665684786389629
BULL|POSITIVE,12121,-2.118029742166172e-06,-7.641594246332595e-05,0.4675356818744328,-0.0014021180297421661,-0.0013978819702578338,-8.899483336030076e-06,-0.0001877567107506639,0.45499546242059236,-0.00140889948333603,-0.00139110051666397,-4.1035533356161597e-07,-0.0002610091620506294,0.4536754393201881,-0.0014004103553335616,-0.0013995896446664384,4.812376477456737e-05,-0.00040277671149513417,0.44996287435030113,-0.0013518762352254326,-0.0014481237647745674,-1.8487115438353183e-05,-0.0005159687970056615,0.45664549129609766,-0.001418487115438353,-0.001381512884561647,6.436120938045823e-05,-0.0006561716734657108,0.4546954943059911,-0.0013356387906195417,-0.0014643612093804582
BULL|NEGATIVE,6057,9.90261353450249e-06,4.581979467488395e-05,0.521050024764735,-0.0013900973864654975,-0.0014099026135345025,1.4507941859203484e-05,8.75824554131821e-05,0.521050024764735,-0.0013854920581407965,-0.0014145079418592034,1.5639342029977302e-05,0.0001270431649427195,0.5213802212316329,-0.0013843606579700227,-0.0014156393420299773,-6.646985845098715e-05,5.982433685502997e-05,0.5065213802212316,-0.0014664698584509871,-0.0013335301415490128,1.728917291642078e-05,8.880799929844585e-05,0.5076770678553739,-0.0013827108270835792,-0.0014172891729164207,-0.00021280960027750457,-5.8322640849262086e-05,0.4971079160469344,-0.0016128096002775046,-0.0011871903997224954
BULL|NEUTRAL,19505,-6.549697115129841e-06,-1.0959504630370098e-05,0.48536272750576775,-0.0014065496971151297,-0.0013934503028848703,-8.200736891584921e-06,-4.824304061534779e-05,0.48054345039733404,-0.001408200736891585,-0.001391799263108415,-1.1863676414337554e-05,-6.170218171652753e-05,0.48346577800563956,-0.0014118636764143375,-0.0013881363235856625,-2.1966609581914175e-05,-0.00010084490492079379,0.47864650089720584,-0.0014219666095819142,-0.0013780333904180857,-3.06174752272212e-05,-0.00017576563262011735,0.4746987951807229,-0.0014306174752272212,-0.0013693825247727788,-5.0093914708761015e-05,-0.0002034152728757066,0.4788696276541184,-0.001450093914708761,-0.001349906085291239
BEAR|POSITIVE,6676,-3.437836935819721e-05,-3.191656154222233e-05,0.48621929298981426,-0.0014343783693581973,-0.0013656216306418027,-6.335875343775127e-05,-7.76338449403613e-05,0.4809766327142001,-0.0014633587534377513,-0.0013366412465622487,-8.98875776239224e-05,-4.675758177175027e-05,0.4916117435590174,-0.0014898875776239223,-0.0013101124223760777,-0.00012202245646884262,-6.265353203882551e-05,0.49251048532055125,-0.0015220224564688426,-0.0012779775435311574,-9.089612324520359e-05,7.805089673251775e-05,0.5073397243858598,-0.0014908961232452036,-0.0013091038767547964,5.6483529274315016e-05,0.0003780248067709602,0.5220191731575794,-0.0013435164707256849,-0.001456483529274315
BEAR|NEGATIVE,12920,-4.210393566176e-06,5.656565656564361e-05,0.5194674510411023,-0.0014042103935661759,-0.001395789606433824,-3.217770381288952e-05,0.0001461283780304079,0.5285647933116582,-0.0014321777038128895,-0.0013678222961871105,-1.8647270322436893e-05,0.0002494866020594788,0.5339061774268462,-0.0014186472703224368,-0.0013813527296775631,2.6371178731152896e-05,0.00032181414296006405,0.5340610001548227,-0.001373628821268847,-0.001426371178731153,1.5234814145026359e-05,0.0006286934947031808,0.5482272797646695,-0.0013847651858549736,-0.0014152348141450264,-4.332337014151333e-05,0.0006618611699229504,0.537467100170305,-0.0014433233701415134,-0.0013566766298584866
BEAR|NEUTRAL,17734,6.725849565280294e-06,8.769936847063953e-06,0.5065974963347243,-0.0013932741504347197,-0.0014067258495652803,2.2420795189454054e-05,4.283946307870323e-05,0.5157615744656855,-0.001377579204810546,-0.001422420795189454,2.6010014682345194e-05,0.00010727272979638158,0.5272419627749577,-0.0013739899853176549,-0.001426010014682345,2.946661914137155e-05,0.00018738720610689263,0.5331942015906143,-0.0013705333808586284,-0.0014294666191413715,4.9010375760611544e-05,0.0003397983108248681,0.543798296576231,-0.0013509896242393884,-0.0014490103757606116,1.268960885192982e-05,0.0006241604716572535,0.5496079869140955,-0.0013873103911480702,-0.0014126896088519298
MIXED|POSITIVE,7150,-1.9728479540509843e-06,-5.842387670529359e-05,0.4734265734265734,-0.001401972847954051,-0.001398027152045949,-1.5909549216954135e-05,-0.00011517119811199628,0.47160839160839163,-0.0014159095492169542,-0.0013840904507830458,-6.214171422547256e-05,-0.0001622306396501516,0.4763636363636364,-0.0014621417142254725,-0.0013378582857745275,-0.0001835239789311217,-0.0001906534908650559,0.4787412587412587,-0.0015835239789311218,-0.0012164760210688782,-0.00033674832432390323,-0.00034146592746897575,0.46965034965034963,-0.0017367483243239032,-0.0010632516756760968,-0.00025861836852027106,-0.0006423010288902353,0.4643356643356643,-0.001658618368520271,-0.0011413816314797289
MIXED|NEGATIVE,7366,2.3434052740559654e-05,6.801190711314131e-05,0.5308172685310888,-0.0013765659472594403,-0.0014234340527405596,5.8781515399994864e-05,0.00013664913783539845,0.531496062992126,-0.001341218484600005,-0.001458781515399995,5.270365711033074e-05,0.00019040963444905135,0.5323106163453706,-0.0013472963428896693,-0.0014527036571103306,6.851413923863953e-05,0.00023428775884659636,0.5304985735633745,-0.0013314858607613605,-0.0014685141392386395,3.634747773185485e-05,0.00023967895732168731,0.5212244897959184,-0.001363652522268145,-0.0014363474777318549,-0.0002866059745383975,0.00015105400177073403,0.5083083628439118,-0.0016866059745383976,-0.0011133940254616024
MIXED|NEUTRAL,15541,-9.225108836222899e-06,0.0,0.49610707161701306,-0.0014092251088362229,-0.001390774891163777,-2.7432636365705076e-05,-2.470136055099381e-05,0.4907663599510971,-0.001427432636365705,-0.0013725673636342949,-5.703623294952527e-05,-1.917879592316929e-05,0.4948844990669841,-0.0014570362329495252,-0.0013429637670504748,-0.00012498011558289944,3.170778108962935e-06,0.5005469403513287,-0.0015249801155828994,-0.0012750198844171006,-0.000227471447977347,-7.2767706303378255e-06,0.49877734877734875,-0.001627471447977347,-0.001172528552022653,-0.0003999799105384806,-3.58335383965902e-05,0.4962676962676963,-0.0017999799105384807,-0.0010000200894615193
BULL|VOL=HIGH,18392,6.017443638591396e-06,-2.345547886972721e-05,0.49091996520226183,-0.0013939825563614085,-0.0014060174436385914,1.5789306386681082e-05,-7.297941381417816e-05,0.4863527620704654,-0.001384210693613319,-0.001415789306386681,3.3890375480641075e-05,-8.673275939186098e-05,0.48798390604610703,-0.0013661096245193589,-0.001433890375480641,5.5647807627073045e-05,-0.00019032394221246696,0.4805893866898652,-0.0013443521923729269,-0.001455647807627073,2.9415547339307655e-05,-0.0003560687976315591,0.4726511526750761,-0.0013705844526606923,-0.0014294155473393076,-3.0301524347745365e-05,-0.00048978589258869,0.4701784936874184,-0.0014303015243477453,-0.0013696984756522547
BULL|VOL=LOW,19291,-1.0580953499450266e-05,-1.6822969305829716e-05,0.4800684256907366,-0.0014105809534994502,-0.0013894190465005497,-2.438174951060222e-05,-6.462700905118801e-05,0.4716707272821523,-0.0014243817495106022,-0.0013756182504893978,-3.965368392639741e-05,-9.613323546786567e-05,0.47234461666061894,-0.0014396536839263974,-0.0013603463160736025,-6.589772316507499e-05,-0.00014323715981168217,0.46752371572235757,-0.001465897723165075,-0.001334102276834925,-6.518928032994742e-05,-0.0001648547668142708,0.4756622259084547,-0.0014651892803299474,-0.0013348107196700526,-4.8089372950289785e-05,-0.00019020932712576766,0.47768389404385464,-0.0014480893729502899,-0.0013519106270497101
BEAR|VOL=HIGH,20694,-2.8310966488096403e-06,2.0517871065495186e-05,0.5060648528487894,-0.0014028310966488096,-0.0013971689033511904,-1.4737668436259424e-07,7.496015276098333e-05,0.5121067130636509,-0.0014001473766843625,-0.0013998526233156374,2.1345951338991447e-05,0.00017841512378513613,0.5230085073472545,-0.0013786540486610086,-0.0014213459513389914,8.36697142375367e-05,0.000274903050342834,0.527094310436506,-0.0013163302857624633,-0.0014836697142375367,0.00012539054188777485,0.0005598026695587954,0.5405810412336249,-0.0012746094581122251,-0.0015253905418877748,0.00018107259231249615,0.0009299121749613004,0.5452216367767196,-0.0012189274076875038,-0.0015810725923124961
BEAR|VOL=LOW,16636,-6.3743669855887035e-06,1.0892910181747872e-05,0.5090767011300793,-0.0014063743669855888,-0.0013936256330144112,-2.632948327329882e-05,4.062244259939174e-05,0.5162899735513344,-0.0014263294832732988,-0.0013736705167267012,-4.937619543313419e-05,7.982054503263836e-05,0.5233830247655686,-0.0014493761954331341,-0.0013506238045668658,-0.0001011313248504151,0.00013011684028085835,0.525126232267372,-0.0015011313248504152,-0.0012988686751495848,-0.00012834024872758143,0.0002607964684033792,0.5366073575378697,-0.0015283402487275815,-0.0012716597512724185,-0.00022261612742759595,0.00036130159679992335,0.5345635970185141,-0.001622616127427596,-0.001177383872572404
MIXED|VOL=HIGH,13449,2.9460583332116003e-06,-4.436242325378537e-06,0.4978808833370511,-0.0013970539416667885,-0.0014029460583332115,-2.7842349587226287e-06,-4.816435239118899e-05,0.4902966763328129,-0.0014027842349587226,-0.0013972157650412773,-3.694608464198222e-05,-1.905805560187268e-05,0.497211688601383,-0.0014369460846419822,-0.0013630539153580178,-5.7783068799043365e-05,2.3423151800261444e-05,0.5029009223445403,-0.0014577830687990433,-0.0013422169312009566,-5.340415182780471e-05,-8.61979929939194e-06,0.49925550923168555,-0.0014534041518278046,-0.0013465958481721954,-0.00018898087190973522,-0.0002937771606058015,0.4833134684147795,-0.0015889808719097352,-0.0012110191280902648
MIXED|VOL=LOW,16608,-1.4739634713153296e-06,1.1004769195910313e-06,0.5003010597302505,-0.0014014739634713154,-0.0013985260365286846,-4.19400651881153e-06,3.1010683698706742e-06,0.5009633911368016,-0.0014041940065188114,-0.0013958059934811886,-2.6831064689064667e-05,5.9791779267737155e-06,0.5016257225433526,-0.0014268310646890646,-0.0013731689353109354,-0.00011881889870913993,1.3008282966020523e-05,0.502528901734104,-0.00151881889870914,-0.00128118110129086,-0.00029854156381284167,-2.9781000186135387e-05,0.49578516377649323,-0.0016985415638128417,-0.0011014584361871583,-0.00045954907184685416,-1.9264317864586822e-05,0.4983140655105973,-0.0018595490718468543,-0.0009404509281531458
POSITIVE|VOL=HIGH,17594,-4.952517576337887e-06,-7.058487962996463e-05,0.4775491644878936,-0.0014049525175763378,-0.0013950474824236622,-1.1931760544227736e-05,-0.00015787130582389786,0.47010344435603046,-0.0014119317605442278,-0.0013880682394557722,-8.252411496875355e-06,-0.00017210055389527135,0.4770376264635671,-0.0014082524114968754,-0.0013917475885031245,1.4812217062581728e-05,-0.0002471697170770004,0.4766966011140161,-0.0013851877829374182,-0.0014148122170625818,-3.823356042892828e-06,-0.0002693714201882358,0.4822098442650904,-0.0014038233560428929,-0.001396176643957107,0.00018818366962037336,-0.0002001342633011216,0.4899096128702177,-0.0012118163303796265,-0.0015881836696203734
POSITIVE|VOL=LOW,8353,-2.180700358835107e-05,-4.879914535549368e-05,0.46641925056865796,-0.0014218070035883512,-0.0013781929964116488,-5.2038735466602095e-05,-0.00012232998707162324,0.45815874536094814,-0.001452038735466602,-0.001347961264533398,-0.00010824658374853467,-0.0001881313184893818,0.45420806895726085,-0.0015082465837485347,-0.0012917534162514652,-0.00021598424074105652,-0.0002848235487157291,0.4522925894888064,-0.0016159842407410564,-0.0011840157592589435,-0.0003796704462720593,-0.0003692665475936163,0.4544475038908177,-0.0017796704462720594,-0.0010203295537279406,-0.000479162826589753,-0.0006332200744582073,0.4425954746797558,-0.001879162826589753,-0.000920837173410247
NEGATIVE|VOL=HIGH,17970,1.353800990953368e-05,7.787180601703803e-05,0.5230675051477545,-0.0013864619900904663,-0.0014135380099095337,1.3822547960545558e-05,0.00014261860523612224,0.5239314336598397,-0.0013861774520394544,-0.0014138225479605456,5.268735026761551e-05,0.00023565654911872347,0.5308882457702583,-0.0013473126497323845,-0.0014526873502676155,0.00011527191725497343,0.00028926111703420077,0.5270834493124756,-0.0012847280827450265,-0.0015152719172549735,0.00015614376807536175,0.0005203880405164618,0.5362633689839572,-0.0012438562319246381,-0.0015561437680753618,4.256555215436686e-05,0.00044036172468620016,0.5242501951165124,-0.0013574344478456332,-0.0014425655521543668
NEGATIVE|VOL=LOW,8373,-7.770597382108495e-06,3.8339337768311665e-05,0.5228711334049922,-0.0014077705973821084,-0.0013922294026178915,-1.7099710179437688e-05,0.0001136980225548978,0.5356503045503404,-0.0014170997101794376,-0.0013829002898205624,-8.415491636014409e-05,0.00015071093172314143,0.5299175922608385,-0.0014841549163601441,-0.0013158450836398558,-0.00019446338427135538,0.00017464615307294373,0.5259763525618057,-0.0015944633842713554,-0.0012055366157286446,-0.000266859562125827,0.00019181944857393773,0.5208407978024603,-0.001666859562125827,-0.001133140437874173,-0.0005631391527974676,0.00014845953696251968,0.5110474143078945,-0.0019631391527974674,-0.0008368608472025323
NEUTRAL|VOL=HIGH,16971,-3.7958533295506476e-06,-1.0931291368088125e-05,0.49472629780213306,-0.0014037958533295507,-0.0013962041466704493,1.2461180282138574e-05,-5.4434636043709794e-06,0.4979375368296995,-0.0013875388197178613,-0.0014124611802821387,-1.375991318096915e-05,2.7340450484247825e-05,0.503919372900336,-0.001413759913180969,-0.0013862400868190309,-2.0848833978276613e-05,8.652238931250444e-05,0.5097842744312153,-0.0014208488339782766,-0.0013791511660217234,-1.875534800615184e-05,-7.297512278015006e-06,0.49932213380489243,-0.0014187553480061517,-0.0013812446519938482,-0.00020177680891607903,-0.0001022841984708589,0.49445689350159217,-0.001601776808916079,-0.001198223191083921
NEUTRAL|VOL=LOW,35809,-2.441386679546003e-06,0.0,0.49610433131335696,-0.001402441386679546,-0.001397558613320454,-1.1174962806084766e-05,-1.1220014511370557e-05,0.49417744142534,-0.0014111749628060847,-0.0013888250371939153,-1.1817674257051087e-05,1.5860403075329543e-06,0.5004049261358876,-0.0014118176742570511,-0.0013881823257429488,-4.1739218859400114e-05,2.2220024908925495e-06,0.5004049261358876,-0.0014417392188594,-0.0013582607811406,-8.224219400404018e-05,4.960700230394188e-05,0.5076935965818649,-0.0014822421940040402,-0.0013177578059959598,-9.901739109789935e-05,0.0001320593490250488,0.5140607109944427,-0.0014990173910978993,-0.0013009826089021006
RSI=OVERSOLD|VOLUME=HIGH,2034,-5.737046027188976e-07,0.00012257535285720156,0.5358898721730581,-0.0014005737046027188,-0.0013994262953972811,0.00010730393774965389,0.000420376373013287,0.567354965585054,-0.001292696062250346,-0.001507303937749654,0.0001638199558832004,0.0005746295022670544,0.5796460176991151,-0.0012361800441167995,-0.0015638199558832004,0.000262507542381584,0.0005702978231429956,0.5722713864306784,-0.001137492457618416,-0.001662507542381584,0.00031509339898639445,0.0007102807008732004,0.5535889872173058,-0.0010849066010136055,-0.0017150933989863945,-0.00020449235269833123,0.0004438265312338707,0.5334316617502458,-0.0016044923526983312,-0.0011955076473016688
RSI=OVERSOLD|VOLUME=NORMAL,1202,-5.075514552281301e-05,8.078314366277706e-05,0.5274542429284526,-0.001450755145522813,-0.001349244854477187,-0.00013241937078031855,0.00020648323496030851,0.540765391014975,-0.0015324193707803185,-0.0012675806292196815,-9.707304068489807e-05,0.00029061387746276424,0.5399334442595674,-0.001497073040684898,-0.001302926959315102,-0.00013702457702238375,0.0003333865672052738,0.538269550748752,-0.0015370245770223838,-0.0012629754229776162,-0.0001393545459412969,0.0005450334674585999,0.5440931780366056,-0.0015393545459412969,-0.001260645454058703,-1.99423249912868e-05,0.0009063362864641933,0.5515806988352745,-0.0014199423249912867,-0.0013800576750087133
RSI=OVERSOLD|VOLUME=LOW,819,0.0001239907321478354,0.00015540705548033884,0.5518925518925519,-0.0012760092678521645,-0.0015239907321478354,4.1457662703076246e-05,9.396815388940105e-05,0.5323565323565324,-0.0013585423372969238,-0.0014414576627030762,5.185146156979283e-06,0.0002081835905742846,0.5347985347985348,-0.0013948148538430207,-0.0014051851461569793,-0.00014087684138703487,9.106148719961737e-05,0.5164835164835165,-0.0015408768413870347,-0.0012591231586129652,-0.0004753502032719848,0.00028083951551005626,0.525030525030525,-0.0018753502032719848,-0.0009246497967280152,-0.00025906155262728816,0.00017486338797811918,0.5128205128205128,-0.0016590615526272882,-0.0011409384473727118
RSI=OVERBOUGHT|VOLUME=HIGH,1833,-8.384771989894514e-05,-0.0002008410413218975,0.4358974358974359,-0.001483847719898945,-0.0013161522801010549,-0.0001770173676129334,-0.0004249011474271036,0.3993453355155483,-0.0015770173676129334,-0.0012229826323870666,-3.7915215789977926e-05,-0.00043058605941515005,0.4260774686306601,-0.001437915215789978,-0.001362084784210022,0.00011036411030712608,-0.0004859717087152271,0.4391707583196945,-0.001289635889692874,-0.001510364110307126,3.181011036719517e-05,-0.0005391030456963763,0.44953627932351337,-0.0013681898896328048,-0.0014318101103671951,0.0002837314032126675,-0.000618476398192791,0.45280960174577195,-0.0011162685967873326,-0.0016837314032126674
RSI=OVERBOUGHT|VOLUME=NORMAL,1172,4.67657713197447e-06,-0.00012521028552886504,0.44795221843003413,-0.0013953234228680255,-0.0014046765771319745,2.9213648650461427e-05,-0.0001621355516562284,0.4539249146757679,-0.0013707863513495386,-0.0014292136486504614,-0.00016865459401253736,-0.00043198362540430857,0.431740614334471,-0.0015686545940125373,-0.0012313454059874626,-0.0001689373249139906,-0.0005472811344193196,0.4249146757679181,-0.0015689373249139905,-0.0012310626750860094,-0.00013997638771254384,-0.000379696410167385,0.46075085324232085,-0.001539976387712544,-0.001260023612287456,-0.0004488389648906666,-0.0008869229656641164,0.447098976109215,-0.0018488389648906667,-0.0009511610351093334
RSI=OVERBOUGHT|VOLUME=LOW,867,3.647406334118701e-05,-8.190323855039594e-05,0.4659746251441753,-0.001363525936658813,-0.001436474063341187,-3.4049332500058484e-05,-0.0002557283802964161,0.4348327566320646,-0.0014340493325000585,-0.0013659506674999415,-0.00024546212907053676,-0.0004606412351383371,0.42675893886966554,-0.0016454621290705367,-0.0011545378709294633,-0.0003999074829213332,-0.0006362190411269841,0.41061130334486734,-0.0017999074829213332,-0.0010000925170786667,-0.000328606646128748,-0.000479738969872634,0.45790080738177624,-0.0017286066461287479,-0.001071393353871252,-0.000508939369070994,-0.0006270303550741652,0.4555940023068051,-0.001908939369070994,-0.000891060630929006
RSI=NORMAL|VOLUME=HIGH,15762,-1.7050999621974591e-06,-1.58615351431024e-06,0.49660554533341794,-0.0014017050999621974,-0.0013982949000378025,-2.0724520458436934e-05,-1.2439977110645373e-06,0.4990800076137301,-0.001420724520458437,-0.001379275479541563,-3.2756557742851445e-05,-1.1664137007039166e-05,0.49768415709663094,-0.0014327565577428513,-0.0013672434422571486,-5.1282942015765484e-05,-1.5797850425935955e-05,0.49676395939086293,-0.0014512829420157654,-0.0013487170579842345,-3.4544925800357356e-05,3.873021654365871e-05,0.5036167512690355,-0.0014345449258003574,-0.0013654550741996425,-0.00013291368366136864,4.595777206373164e-05,0.5038395633686615,-0.0015329136836613687,-0.0012670863163386312
RSI=NORMAL|VOLUME=NORMAL,28381,1.9092789443005492e-06,0.0,0.499700503858215,-0.0013980907210556994,-0.0014019092789443006,7.971696203205045e-06,-1.233577992976187e-05,0.496705542440365,-0.001392028303796795,-0.001407971696203205,3.350834529512653e-06,1.5435029423360724e-05,0.5023960535588442,-0.0013966491654704874,-0.0014033508345295126,-4.408444553931802e-06,1.2706578679244629e-06,0.5001409443269909,-0.0014044084445539319,-0.0013955915554460681,-1.7557485084658678e-05,2.019056789870355e-05,0.5020967685097085,-0.0014175574850846587,-0.0013824425149153413,-3.217404102634126e-05,9.168239710533044e-05,0.5060457573941551,-0.0014321740410263412,-0.0013678259589736588
RSI=NORMAL|VOLUME=LOW,53000,-3.64204367914487e-06,-1.0748387700432183e-06,0.49666037735849056,-0.0014036420436791448,-0.0013963579563208552,-7.566504061340251e-06,-1.0314229661412266e-05,0.49622627268953545,-0.0014075665040613403,-0.0013924334959386597,-1.478565850654972e-05,9.870037534054354e-06,0.5020567590006793,-0.0014147856585065496,-0.0013852143414934503,-3.637588673161157e-05,2.220741727732012e-05,0.5036515634730426,-0.0014363758867316115,-0.0013636241132683885,-8.651907456912436e-05,4.804838964156399e-05,0.5051338190328791,-0.0014865190745691243,-0.0013134809254308757,-0.0001416791223280709,2.1638987855565617e-05,0.5017839950161409,-0.0015416791223280709,-0.0012583208776719291
BULL|POSITIVE|VOL=HIGH,8104,5.099245958033272e-06,-8.198169295153823e-05,0.4714955577492596,-0.0013949007540419668,-0.0014050992459580332,9.568750159466092e-06,-0.00020921303382809286,0.4611303060217177,-0.0013904312498405338,-0.0014095687501594662,6.474831213633678e-05,-0.00024055117633381418,0.46520236920039487,-0.0013352516878636631,-0.0014647483121363368,0.00020181103902247696,-0.0003913005139593029,0.46199407699901285,-0.001198188960977523,-0.001601811039022477,0.00011442345911454898,-0.0005783913774257132,0.4591559723593287,-0.001285576540885451,-0.0015144234591145489,0.0001896732626239992,-0.0006696989495904582,0.46389334650043207,-0.0012103267373760008,-0.0015896732626239992
BULL|POSITIVE|VOL=LOW,4017,-1.6678348954119444e-05,-6.437527678593291e-05,0.459546925566343,-0.0014166783489541195,-0.0013833216510458805,-4.615777665131535e-05,-0.00016379062062366057,0.4426188698033358,-0.0014461577766513153,-0.0013538422233486847,-0.0001318631412872725,-0.00029017261581998355,0.43042071197411,-0.0015318631412872725,-0.0012681368587127274,-0.0002619289289035654,-0.0004184726161123864,0.4256908140403286,-0.0016619289289035654,-0.0011380710710964346,-0.0002866243562092567,-0.0004122235963008869,0.4515807816778691,-0.0016866243562092568,-0.0011133756437907432,-0.0001883529910989855,-0.0006357750924603778,0.4361463778939507,-0.0015883529910989856,-0.0012116470089010144
BULL|NEGATIVE|VOL=HIGH,4125,2.41219116024375e-05,7.656910173126086e-05,0.5272727272727272,-0.0013758780883975626,-0.0014241219116024374,3.618615576622275e-05,0.00015231633055523552,0.5294545454545454,-0.0013638138442337772,-0.0014361861557662227,4.8309222792968544e-05,0.00020310285774960413,0.5328484848484848,-0.0013516907772070314,-0.0014483092227929686,-2.8366130538972527e-05,0.0001330121090898917,0.5134545454545455,-0.0014283661305389726,-0.0013716338694610274,7.536590387744112e-05,0.00012211630394642903,0.5076363636363637,-0.0013246340961225588,-0.0014753659038774412,-0.00011960936434535455,-9.476843959754788e-05,0.49502306385044914,-0.0015196093643453546,-0.0012803906356546454
BULL|NEGATIVE|VOL=LOW,1932,-2.045691261986186e-05,9.653053931746314e-06,0.5077639751552795,-0.001420456912619862,-0.001379543087380138,-3.1777064541652876e-05,1.1081907167032057e-05,0.5031055900621118,-0.0014317770645416528,-0.0013682229354583472,-5.4113897176719833e-05,-7.750863791622375e-06,0.4968944099378882,-0.0014541138971767198,-0.0013458861028232802,-0.00014782486757990038,-4.063037137375103e-05,0.4917184265010352,-0.0015478248675799004,-0.0012521751324200995,-0.00010671005856091305,5.73072855918344e-05,0.5077639751552795,-0.0015067100585609131,-0.0012932899414390868,-0.0004115113455179423,1.4973778495797063e-05,0.5015527950310559,-0.0018115113455179424,-0.0009884886544820576
BULL|NEUTRAL|VOL=HIGH,6163,-4.892804024498357e-06,-1.831824549591854e-05,0.4921304559467792,-0.0014048928040244983,-0.0013951071959755017,1.0317033788066916e-05,-3.499926173433643e-05,0.4906701281843258,-0.001389682966211933,-0.0014103170337880669,-1.633686187472301e-05,-7.840505005030085e-05,0.48791173129969173,-0.001416336861874723,-0.0013836631381252769,-8.031671164818502e-05,-0.00014947032361056767,0.4830439720915139,-0.001480316711648185,-0.001319683288351815,-0.00011312044775177706,-0.00034647590693159813,0.46698036670452703,-0.001513120447751777,-0.001286879552248223,-0.00026002159522298113,-0.0005307751373032632,0.46182586094866795,-0.0016600215952229812,-0.0011399784047770188
BULL|NEUTRAL|VOL=LOW,13342,-7.3150570399958145e-06,-1.0005620945663374e-05,0.4822365462449408,-0.001407315057039996,-0.001392684942960004,-1.6754553463215433e-05,-5.001731530462905e-05,0.4758656873032529,-0.0014167545534632155,-0.0013832454465367845,-9.797401343706798e-06,-5.623192662412846e-05,0.4814120821466047,-0.0014097974013437067,-0.0013902025986562933,4.986746664107955e-06,-9.145310829872244e-05,0.47661520011992203,-0.001395013253335892,-0.001404986746664108,7.4926896407774254e-06,-0.00013053648553973396,0.4782641283165942,-0.0013925073103592226,-0.0014074926896407774,4.67667359617185e-05,-0.00010354931075379215,0.4867336231449558,-0.0013532332640382814,-0.0014467667359617186
BEAR|POSITIVE|VOL=HIGH,4793,-3.699781653844503e-05,-4.473667434268247e-05,0.48508241185061546,-0.0014369978165384451,-0.0013630021834615549,-5.952538927290257e-05,-0.0001025602171690343,0.48070102232422285,-0.0014595253892729025,-0.0013404746107270975,-9.738141457108739e-05,-4.6345275498738125e-05,0.493427915710411,-0.0014973814145710874,-0.0013026185854289126,-0.00012604669028182852,-1.726789950617924e-05,0.49822658042979345,-0.0015260466902818285,-0.0012739533097181714,-6.221145046353688e-05,0.00020261944776422958,0.5136657625704152,-0.0014622114504635369,-0.0013377885495364631,0.0003194369526612913,0.0008609571085294032,0.5416232005007302,-0.0010805630473387086,-0.0017194369526612914
BEAR|POSITIVE|VOL=LOW,1883,-2.771081209057755e-05,-1.3828857137188066e-05,0.48911311736590546,-0.0014277108120905775,-0.0013722891879094225,-7.311622260510114e-05,-4.961567962746827e-05,0.4816781731279873,-0.001473116222605101,-0.001326883777394899,-7.081271809776105e-05,-5.138568193829851e-05,0.48698884758364314,-0.001470812718097761,-0.0013291872819022389,-0.00011177914650302117,-0.00014624204614410719,0.47796070100902815,-0.001511779146503021,-0.001288220853496979,-0.0001639102690989097,-6.0721423310261535e-05,0.49123738714816784,-0.0015639102690989098,-0.0012360897309010902,-0.000612839762437728,-0.00023890765569023475,0.4721189591078067,-0.002012839762437728,-0.000787160237562272
BEAR|NEGATIVE|VOL=HIGH,9290,1.2962917221260595e-06,6.671499797628044e-05,0.5168478845946819,-0.001398703708277874,-0.001401296291722126,-2.4397485611590816e-05,0.000142079983754817,0.5207795004306632,-0.0014243974856115909,-0.0013756025143884091,3.180220598452814e-05,0.0002669854842478614,0.530792420327304,-0.001368197794015472,-0.001431802205984528,0.00010811528870980295,0.00031627103809950263,0.5287467700258398,-0.001291884711290197,-0.001508115288709803,0.00012065394263111006,0.0007034638794500836,0.5496339362618432,-0.00127934605736889,-0.00152065394263111,8.482242519813706e-05,0.0007712028707541618,0.5386520241171404,-0.0013151775748018628,-0.0014848224251981371
BEAR|NEGATIVE|VOL=LOW,3630,-1.830174333009827e-05,4.714517261417139e-05,0.5261707988980716,-0.0014183017433300983,-0.0013816982566699017,-5.2084774516377775e-05,0.00015608202745232003,0.5484848484848485,-0.0014520847745163779,-0.001347915225483622,-0.00014773121961695238,0.00021164145991614536,0.5418732782369146,-0.0015477312196169523,-0.0012522687803830476,-0.00018278565142909565,0.0003318825860614272,0.5476584022038568,-0.0015827856514290957,-0.0012172143485709042,-0.00025449875758465547,0.00048678206766805676,0.5446280991735537,-0.0016544987575846555,-0.0011455012424153445,-0.00037120715722544547,0.0004423158160440366,0.5344352617079889,-0.0017712071572254455,-0.0010287928427745545
BEAR|NEUTRAL|VOL=HIGH,6611,1.6140583558935134e-05,1.4668004388651568e-05,0.5061261533807291,-0.0013838594164410649,-0.001416140583558935,7.698330804377173e-05,0.00010732980801675396,0.5226928895612708,-0.0013230166919562282,-0.0014769833080437718,9.27766417672135e-05,0.00023618460009244835,0.5335250491902528,-0.0013072233582327865,-0.0014927766417672135,0.0002014596372110317,0.00040375301390338514,0.5457160157432637,-0.0011985403627889682,-0.0016014596372110317,0.0002681652744393553,0.0005804077008236819,0.5473811686345746,-0.0011318347255606447,-0.0016681652744393552,0.00021600919131437187,0.0011274855435527975,0.5570693309112927,-0.0011839908086856282,-0.0016160091913143717
BEAR|NEUTRAL|VOL=LOW,11123,1.1301643695550275e-06,6.716668532469328e-06,0.5068776409242111,-0.001398869835630445,-0.001401130164369555,-1.0003749444820856e-05,2.4621317655348918e-05,0.5116425424795469,-0.0014100037494448208,-0.0013899962505551791,-1.3648989646498184e-05,6.924582267053836e-05,0.5235098444664209,-0.0014136489896464982,-0.0013863510103535018,-7.268081207036767e-05,0.0001195158157403231,0.5257574395396926,-0.0014726808120703676,-0.0013273191879296323,-8.114670961849312e-05,0.00026313429698299196,0.5416704126584555,-0.0014811467096184931,-0.0013188532903815069,-0.00010806281061645929,0.0004460607353924395,0.5451766609727592,-0.0015080628106164593,-0.0012919371893835407
MIXED|POSITIVE|VOL=HIGH,4697,1.0404865059990761e-05,-6.187097838639133e-05,0.4803065786672344,-0.0013895951349400092,-0.0014104048650599907,-4.6143400520203683e-07,-0.00013303387668539557,0.4747711305088354,-0.001400461434005202,-0.001399538565994798,-4.325401945703139e-05,-0.0001654536999989853,0.4807323823717266,-0.0014432540194570314,-0.0013567459805429686,-0.00016408957349761254,-0.00022419319947297733,0.48009367681498827,-0.0015640895734976125,-0.0012359104265023874,-0.0001482598162255115,-0.0001264653641207536,0.48988716201830956,-0.0015482598162255114,-0.0012517401837744886,5.167862841588305e-05,-0.0003589359543043624,0.48200979348520334,-0.001348321371584117,-0.001451678628415883
MIXED|POSITIVE|VOL=LOW,2453,-2.567367063116231e-05,-5.488663557473572e-05,0.46025275173257235,-0.0014256736706311623,-0.0013743263293688377,-4.548957251479335e-05,-9.971636234706871e-05,0.465552384834896,-0.0014454895725147933,-0.0013545104274852067,-9.83078382888106e-05,-0.00015700411036756456,0.46799836934366085,-0.0014983078382888107,-0.0013016921617111893,-0.00022073694359528497,-0.0001609463062823835,0.47615165103954343,-0.001620736943595285,-0.001179263056404715,-0.000697665781534725,-0.0005603876625680515,0.430900937627395,-0.0020976657815347253,-0.0007023342184652749,-0.0008527745016670772,-0.0009530173405338793,0.4304932735426009,-0.002252774501667077,-0.0005472254983329228
MIXED|NEGATIVE|VOL=HIGH,4555,2.891775211800813e-05,0.00010088923001094763,0.5319429198682766,-0.0013710822478819919,-0.001428917752118008,7.150373119206788e-05,0.00013767821846788486,0.5253567508232712,-0.001328496268807932,-0.001471503731192068,9.923861172408844e-05,0.00019728683627073806,0.5293084522502745,-0.0013007613882759115,-0.0014992386117240884,0.0002601021838654285,0.00036465291274601075,0.536043956043956,-0.0011398978161345716,-0.0016601021838654284,0.00030217553466329575,0.0004897260982625884,0.5349195858118528,-0.0010978244653367043,-0.0017021755346632956,0.00010337258023466127,0.0003448620098194244,0.5212977267711322,-0.0012966274197653387,-0.0015033725802346613
MIXED|NEGATIVE|VOL=LOW,2811,1.4548157804850725e-05,4.188722098441566e-05,0.5289932408395589,-0.0013854518421951493,-0.0014145481578048506,3.8166185292242236e-05,0.00013533256439846042,0.5414443258626823,-0.0013618338147077576,-0.0014381661852922423,-2.2702503781048247e-05,0.00018329361971569647,0.5371753824261829,-0.0014227025037810482,-0.0013772974962189518,-0.0002415981350594358,0.00011751086578515313,0.5215225898256848,-0.0016415981350594358,-0.0011584018649405641,-0.000392892490397569,-6.199330162437455e-06,0.4991106367840626,-0.001792892490397569,-0.001007107509602431,-0.0009152053454657293,-0.00017872636343840842,0.48737104233368905,-0.0023152053454657292,-0.00048479465453427073
MIXED|NEUTRAL|VOL=HIGH,4197,-3.3588390174157934e-05,-4.662492087892378e-05,0.4805813676435549,-0.001433588390174158,-0.001366411609825842,-8.600841458596519e-05,-0.00013386737491427603,0.46962115796997855,-0.0014860084145859652,-0.0013139915854140348,-0.0001776877863625364,-0.00012816097716206176,0.48081963307124137,-0.0015776877863625364,-0.0012223122136374635,-0.00028343383054652195,-5.433845542934801e-05,0.49249463902787705,-0.001683433830546522,-0.001116566169453478,-0.00033186915213931,-0.00036961565156901077,0.471163012392755,-0.0017318691521393099,-0.0010681308478606901,-0.0007740693287008909,-0.0008404103219817327,0.4437559580552908,-0.002174069328700891,-0.0006259306712991091
MIXED|NEUTRAL|VOL=LOW,11344,-2.1129609157257e-07,1.556222447463007e-06,0.5018511988716502,-0.0014002112960915726,-0.0013997887039084273,-5.761044229736137e-06,-1.1153867603974632e-06,0.498589562764457,-0.0014057610442297361,-0.0013942389557702638,-1.2398136186971697e-05,1.3399580339745754e-06,0.5000881523272215,-0.0014123981361869717,-0.0013876018638130283,-6.635615210420376e-05,1.7030913378013324e-05,0.5035260930888575,-0.0014663561521042038,-0.0013336438478957961,-0.00018885607715016117,5.5402755056443986e-05,0.5089915373765868,-0.001588856077150161,-0.001211143922849839,-0.00026160903618997256,0.0001185116234173611,0.515691114245416,-0.0016616090361899725,-0.0011383909638100274
