setup,n,avg_return_pct,median_return_pct,win_rate_pct,profit_factor
ALL EVENTS -> 5m,39,0.021051509240418913,0.1795204176633813,61.53846153846154,1.1144959973949606
ALL EVENTS -> 10m,39,0.020169146393434756,0.086659618351037,58.97435897435898,1.1100494316853537
ALL EVENTS -> 15m,39,0.003977141526061264,0.0731891393185524,56.41025641025641,1.0176575253348787
ALL EVENTS -> 20m,39,0.05623867227049559,0.1321952610596533,58.97435897435898,1.2567738854138713
ALL EVENTS -> 30m,39,0.026496742552169675,0.0943993823830702,53.84615384615385,1.0957377408335094
ALL EVENTS -> 45m,39,0.016892634844248383,0.0804717004005084,58.97435897435898,1.0530444282603648
ALL EVENTS -> 60m,39,0.06282262290074579,0.0537914295787089,58.97435897435898,1.2252668703941847
5m->15m recovery >= 0.02%,18,0.3257849093264752,0.30282742418349384,77.77777777777779,3.182648300193324
5m->15m recovery >= 0.02% -> 60m,18,0.26390008883886673,0.2037907673430483,72.22222222222221,2.2441754680101016
5m->15m recovery >= 0.05%,14,0.362117823912416,0.36125966830969913,71.42857142857143,2.886940606598075
5m->15m recovery >= 0.05% -> 60m,14,0.29551287454932523,0.333430355270059,71.42857142857143,2.1527969430899474
5m->15m recovery >= 0.10%,11,0.4628274538119365,0.6483856185487413,72.72727272727273,3.4718935323366202
5m->15m recovery >= 0.10% -> 60m,11,0.3872076384042764,0.5955560731613296,72.72727272727273,2.473548767199802
5m->15m recovery >= 0.15%,8,0.6841620532810844,0.7035208225812495,75.0,18.400187377988
5m->15m recovery >= 0.15% -> 60m,8,0.5975343005103787,0.45392579695329166,75.0,6.7248078968808676
5m->15m recovery >= 0.20%,8,0.6841620532810844,0.7035208225812495,75.0,18.400187377988
5m->15m recovery >= 0.20% -> 60m,8,0.5975343005103787,0.45392579695329166,75.0,6.7248078968808676
15m->30m recovery >= 0.02%,20,0.2936769518876742,0.41946225630323797,75.0,2.058188602547791
15m->30m recovery >= 0.02% -> 60m,20,0.2594567759706262,0.30292401027902643,75.0,1.919742372736752
15m->30m recovery >= 0.05%,18,0.49526272372339164,0.48513097777819203,83.33333333333334,4.552576929355548
15m->30m recovery >= 0.05% -> 60m,18,0.44218063963537063,0.44394683790512923,83.33333333333334,3.7714925181519683
15m->30m recovery >= 0.10%,16,0.651609411600549,0.5642773347985797,87.5,13.022023109461967
15m->30m recovery >= 0.10% -> 60m,16,0.6237617252535854,0.5589931718990693,87.5,13.225453858588173
15m->30m recovery >= 0.15%,15,0.7347718826391898,0.5794079856481282,93.33333333333333,41.6110889356134
15m->30m recovery >= 0.15% -> 60m,15,0.7126229068568442,0.5955560731613296,93.33333333333333,100.72429796365489
15m->30m recovery >= 0.20%,13,0.7382529043272079,0.5794079856481282,92.3076923076923,36.363021351147964
15m->30m recovery >= 0.20% -> 60m,13,0.691269267860318,0.5955560731613296,92.3076923076923,84.83793103036726
DOWN SHOCK >= 0.10%,10,-0.7764708902432715,-0.4200999891867563,0.0,0.0
DOWN SHOCK >= 0.10% -> 60m,10,-0.6738283012330026,-0.5928658377845397,10.0,0.14658009781379233
SHOCK 0.10% + RECOVERY 0.02% -> 30m,3,-0.8906843263192021,-0.6271073055244658,0.0,0.0
SHOCK 0.10% + RECOVERY 0.02% -> 60m,3,-1.071316856100979,-0.6983254789720061,0.0,0.0
SHOCK 0.10% + RECOVERY 0.05% -> 30m,3,-0.8906843263192021,-0.6271073055244658,0.0,0.0
SHOCK 0.10% + RECOVERY 0.05% -> 60m,3,-1.071316856100979,-0.6983254789720061,0.0,0.0
SHOCK 0.10% + RECOVERY 0.10% -> 30m,2,-1.0224728367165703,-1.0224728367165703,0.0,0.0
SHOCK 0.10% + RECOVERY 0.10% -> 60m,2,-1.2578125446654653,-1.2578125446654653,0.0,0.0
SHOCK 0.10% + RECOVERY 0.20% -> 30m,1,-0.2999035679845718,-0.2999035679845718,0.0,0.0
SHOCK 0.10% + RECOVERY 0.20% -> 60m,1,-0.4601414336226295,-0.4601414336226295,0.0,0.0
DOWN SHOCK >= 0.20%,9,-0.8251755572301092,-0.4595231515836517,0.0,0.0
DOWN SHOCK >= 0.20% -> 60m,9,-0.6541371128900124,-0.4874061965970733,11.11111111111111,0.16428831126682608
SHOCK 0.20% + RECOVERY 0.02% -> 30m,3,-0.8906843263192021,-0.6271073055244658,0.0,0.0
SHOCK 0.20% + RECOVERY 0.02% -> 60m,3,-1.071316856100979,-0.6983254789720061,0.0,0.0
SHOCK 0.20% + RECOVERY 0.05% -> 30m,3,-0.8906843263192021,-0.6271073055244658,0.0,0.0
SHOCK 0.20% + RECOVERY 0.05% -> 60m,3,-1.071316856100979,-0.6983254789720061,0.0,0.0
SHOCK 0.20% + RECOVERY 0.10% -> 30m,2,-1.0224728367165703,-1.0224728367165703,0.0,0.0
SHOCK 0.20% + RECOVERY 0.10% -> 60m,2,-1.2578125446654653,-1.2578125446654653,0.0,0.0
SHOCK 0.20% + RECOVERY 0.20% -> 30m,1,-0.2999035679845718,-0.2999035679845718,0.0,0.0
SHOCK 0.20% + RECOVERY 0.20% -> 60m,1,-0.4601414336226295,-0.4601414336226295,0.0,0.0
DOWN SHOCK >= 0.30%,7,-0.9923897004845591,-0.6271073055244658,0.0,0.0
DOWN SHOCK >= 0.30% -> 60m,7,-0.9910552080387681,-0.6983254789720061,0.0,0.0
SHOCK 0.30% + RECOVERY 0.02% -> 30m,3,-0.8906843263192021,-0.6271073055244658,0.0,0.0
SHOCK 0.30% + RECOVERY 0.02% -> 60m,3,-1.071316856100979,-0.6983254789720061,0.0,0.0
SHOCK 0.30% + RECOVERY 0.05% -> 30m,3,-0.8906843263192021,-0.6271073055244658,0.0,0.0
SHOCK 0.30% + RECOVERY 0.05% -> 60m,3,-1.071316856100979,-0.6983254789720061,0.0,0.0
SHOCK 0.30% + RECOVERY 0.10% -> 30m,2,-1.0224728367165703,-1.0224728367165703,0.0,0.0
SHOCK 0.30% + RECOVERY 0.10% -> 60m,2,-1.2578125446654653,-1.2578125446654653,0.0,0.0
SHOCK 0.30% + RECOVERY 0.20% -> 30m,1,-0.2999035679845718,-0.2999035679845718,0.0,0.0
SHOCK 0.30% + RECOVERY 0.20% -> 60m,1,-0.4601414336226295,-0.4601414336226295,0.0,0.0
DOWN SHOCK >= 0.50%,3,-1.4684850513187613,-1.7450421054485687,0.0,0.0
DOWN SHOCK >= 0.50% -> 60m,3,-1.6085332165774826,-2.055483655708301,0.0,0.0
SHOCK 0.50% + RECOVERY 0.02% -> 30m,2,-1.0224728367165703,-1.0224728367165703,0.0,0.0
SHOCK 0.50% + RECOVERY 0.02% -> 60m,2,-1.2578125446654653,-1.2578125446654653,0.0,0.0
SHOCK 0.50% + RECOVERY 0.05% -> 30m,2,-1.0224728367165703,-1.0224728367165703,0.0,0.0
SHOCK 0.50% + RECOVERY 0.05% -> 60m,2,-1.2578125446654653,-1.2578125446654653,0.0,0.0
SHOCK 0.50% + RECOVERY 0.10% -> 30m,2,-1.0224728367165703,-1.0224728367165703,0.0,0.0
SHOCK 0.50% + RECOVERY 0.10% -> 60m,2,-1.2578125446654653,-1.2578125446654653,0.0,0.0
SHOCK 0.50% + RECOVERY 0.20% -> 30m,1,-0.2999035679845718,-0.2999035679845718,0.0,0.0
SHOCK 0.50% + RECOVERY 0.20% -> 60m,1,-0.4601414336226295,-0.4601414336226295,0.0,0.0
SHORT after down shock >=0.10% -> 15m,10,0.758700901798709,0.4559153520388992,100.0,inf
SHORT after down shock >=0.10% -> 30m,10,0.7764708902432715,0.4200999891867563,100.0,inf
SHORT after down shock >=0.10% -> 45m,10,0.769724857559867,0.6262176872231184,90.0,15.01674416067873
SHORT after down shock >=0.10% -> 60m,10,0.6738283012330026,0.5928658377845397,90.0,6.82220857343367
SHORT after down shock >=0.20% -> 15m,9,0.8233584304041592,0.5147205263266286,100.0,inf
SHORT after down shock >=0.20% -> 30m,9,0.8251755572301092,0.4595231515836517,100.0,inf
SHORT after down shock >=0.20% -> 45m,9,0.7792386227815898,0.5958276539790641,88.88888888888889,13.770991449135714
SHORT after down shock >=0.20% -> 60m,9,0.6541371128900124,0.4874061965970733,88.88888888888889,6.086860302409871
SHORT after down shock >=0.30% -> 15m,7,0.9128563011442016,0.5147205263266286,100.0,inf
SHORT after down shock >=0.30% -> 30m,7,0.9923897004845591,0.6271073055244658,100.0,inf
SHORT after down shock >=0.30% -> 45m,7,1.0415572813377303,0.6566077204671728,100.0,inf
SHORT after down shock >=0.30% -> 60m,7,0.9910552080387681,0.6983254789720061,100.0,inf
SHORT after down shock >=0.50% -> 15m,3,1.5145065678558887,1.8199584074638508,100.0,inf
SHORT after down shock >=0.50% -> 30m,3,1.4684850513187613,1.7450421054485687,100.0,inf
SHORT after down shock >=0.50% -> 45m,3,1.5611129168181674,1.6421487611869343,100.0,inf
SHORT after down shock >=0.50% -> 60m,3,1.6085332165774826,2.055483655708301,100.0,inf
CPI -> 5m,19,0.11651719039886588,0.2787063164749304,73.68421052631578,1.7122289177052294
CPI -> 15m,19,0.12444498643109954,0.1409869278079289,57.89473684210527,1.632720661095196
CPI -> 30m,19,0.21773182325907312,0.1567272492001947,63.1578947368421,2.2416608317056355
CPI -> 60m,19,0.2469635733850635,0.2066299944964766,68.42105263157895,2.2592084717234813
Nonfarm Payrolls -> 5m,19,-0.08713626198607488,-0.010331218877202,47.368421052631575,0.5924529541218456
Nonfarm Payrolls -> 15m,19,-0.11836425166955132,0.0012141414364563,52.63157894736842,0.5544316467949382
Nonfarm Payrolls -> 30m,19,-0.16293327982821984,-0.0146503105082906,47.368421052631575,0.5847017374229576
Nonfarm Payrolls -> 60m,19,-0.1220762605254932,-0.0391836554487379,47.368421052631575,0.67559970792276
Unemployment Rate -> 5m,1,0.2627712205333088,0.2627712205333088,100.0,inf
Unemployment Rate -> 15m,1,0.0395745590469731,0.0395745590469731,100.0,inf
Unemployment Rate -> 30m,1,-0.0077993656515951,-0.0077993656515951,0.0,0.0
Unemployment Rate -> 60m,1,0.0772233487972506,0.0772233487972506,100.0,inf
