event_timestamp,event_type,importance,release_candle_timestamp,release_price,pre_price_15m,pre_return_15m_pct,pre_price_30m,pre_return_30m_pct,price_1m,return_1m_pct,direction_1m,timestamp_1m,price_5m,return_5m_pct,direction_5m,timestamp_5m,price_10m,return_10m_pct,direction_10m,timestamp_10m,price_15m,return_15m_pct,direction_15m,timestamp_15m,price_20m,return_20m_pct,direction_20m,timestamp_20m,price_30m,return_30m_pct,direction_30m,timestamp_30m,price_45m,return_45m_pct,direction_45m,timestamp_45m,price_60m,return_60m_pct,direction_60m,timestamp_60m,max_favorable_up_60m_pct,max_adverse_down_60m_pct,max_abs_move_60m_pct,recovery_5m_to_15m_pct,recovery_15m_to_30m_pct,recovery_20m_to_45m_pct,release_to_15m_pct,release_to_30m_pct,release_to_45m_pct,event_timestamp_myt
2025-02-07 13:30:00+00:00,Nonfarm Payrolls,high,2025-02-07 13:30:00+00:00,97698.9,97683.4,0.01586758855649517,97976.0,-0.2828243651506579,97769.6,0.07236519551399034,UP,2025-02-07 13:31:00+00:00,97655.6,-0.04431984392863075,DOWN,2025-02-07 13:35:00+00:00,98479.9,0.7993948754796643,UP,2025-02-07 13:40:00+00:00,98338.0,0.6541527079629406,UP,2025-02-07 13:45:00+00:00,98692.1,1.0165928173193395,UP,2025-02-07 13:50:00+00:00,98918.8,1.2486322773337388,UP,2025-02-07 14:00:00+00:00,99742.0,2.0912210884667104,UP,2025-02-07 14:15:00+00:00,99488.8,1.8320574745468,UP,2025-02-07 14:30:00+00:00,2.3430151209481442,-0.546474934722907,2.3430151209481442,0.698782251094654,0.5906160385608761,1.0638136183139135,0.6541527079629406,1.2486322773337388,2.0912210884667104,2025-02-07 21:30:00 +08
2025-02-12 13:30:00+00:00,CPI,high,2025-02-12 13:30:00+00:00,96507.7,96071.9,0.4536185919087776,95945.9,0.5855383085676458,95093.5,-1.4653753016598658,DOWN,2025-02-12 13:31:00+00:00,94616.8,-1.9593255253207764,DOWN,2025-02-12 13:35:00+00:00,94223.6,-2.3667541553679006,DOWN,2025-02-12 13:40:00+00:00,94751.3,-1.8199584074638508,DOWN,2025-02-12 13:45:00+00:00,94764.0,-1.806798835740564,DOWN,2025-02-12 13:50:00+00:00,94823.6,-1.7450421054485687,DOWN,2025-02-12 14:00:00+00:00,94922.9,-1.6421487611869345,DOWN,2025-02-12 14:15:00+00:00,94524.0,-2.055483655708301,DOWN,2025-02-12 14:30:00+00:00,0.09895583461216884,-2.576374734865705,2.576374734865705,0.14215234503809349,0.07630502167252917,0.1676797095943483,-1.8199584074638508,-1.7450421054485687,-1.6421487611869345,2025-02-12 21:30:00 +08
2025-03-07 13:30:00+00:00,Nonfarm Payrolls,high,2025-03-07 13:30:00+00:00,89417.9,89338.9,0.08842732561067379,89012.5,0.4554416514534365,89910.5,0.5508964088845714,UP,2025-03-07 13:31:00+00:00,89760.1,0.3826974241175618,UP,2025-03-07 13:35:00+00:00,89995.8,0.6462911788355674,UP,2025-03-07 13:40:00+00:00,90114.0,0.7784794767043302,UP,2025-03-07 13:45:00+00:00,89833.1,0.4643365590111248,UP,2025-03-07 13:50:00+00:00,89404.8,-0.014650310508290687,DOWN,2025-03-07 14:00:00+00:00,89481.9,0.07157403607107593,UP,2025-03-07 14:15:00+00:00,89082.7,-0.37486901392226324,DOWN,2025-03-07 14:30:00+00:00,1.0504608137744231,-0.7216675855728938,1.0504608137744231,0.39427317928566463,-0.7870031293694568,-0.39094721210779504,0.7784794767043302,-0.014650310508290687,0.07157403607107593,2025-03-07 21:30:00 +08
2025-03-12 12:30:00+00:00,CPI,high,2025-03-12 12:30:00+00:00,83350.1,83016.2,0.40221065286054625,83037.7,0.3762146591247184,84240.1,1.0677851616254896,UP,2025-03-12 12:31:00+00:00,83990.0,0.7677255336226319,UP,2025-03-12 12:35:00+00:00,83517.6,0.20095956693513273,UP,2025-03-12 12:40:00+00:00,83578.1,0.2735449627534914,UP,2025-03-12 12:45:00+00:00,83783.6,0.5200953568142097,UP,2025-03-12 12:50:00+00:00,84166.1,0.9790030245914627,UP,2025-03-12 13:00:00+00:00,83701.1,0.42111527160735296,UP,2025-03-12 13:15:00+00:00,83365.1,0.017996379128515372,UP,2025-03-12 13:30:00+00:00,1.3784026653837156,-0.18008376714605534,1.3784026653837156,-0.4904155256578058,0.7035335811653942,-0.09846795792971541,0.2735449627534914,0.9790030245914627,0.42111527160735296,2025-03-12 20:30:00 +08
2025-04-04 12:30:00+00:00,Nonfarm Payrolls,high,2025-04-04 12:30:00+00:00,82498.0,82490.0,0.00969814522973067,82511.9,-0.016846054932673216,82789.2,0.35297825401827687,UP,2025-04-04 12:31:00+00:00,82867.9,0.44837450604862106,UP,2025-04-04 12:35:00+00:00,82580.0,0.0993963490024008,UP,2025-04-04 12:40:00+00:00,82684.6,0.22618730151033883,UP,2025-04-04 12:45:00+00:00,82668.1,0.2061868166501002,UP,2025-04-04 12:50:00+00:00,82914.0,0.5042546485975352,UP,2025-04-04 13:00:00+00:00,82976.0,0.5794079856481282,UP,2025-04-04 13:15:00+00:00,82799.5,0.36546340517344955,UP,2025-04-04 13:30:00+00:00,1.001600038788819,-0.166185846929634,1.001600038788819,-0.22119542066347808,0.27743981345982327,0.37245321956109745,0.22618730151033883,0.5042546485975352,0.5794079856481282,2025-04-04 20:30:00 +08
2025-04-10 12:30:00+00:00,CPI,high,2025-04-10 12:30:00+00:00,82004.0,81630.0,0.4581648903589475,81794.4,0.25625226176853033,82211.4,0.25291449197599736,UP,2025-04-10 12:31:00+00:00,81938.1,-0.08036193356421029,DOWN,2025-04-10 12:35:00+00:00,81871.5,-0.16157748402516603,DOWN,2025-04-10 12:40:00+00:00,81814.0,-0.23169601482854185,DOWN,2025-04-10 12:45:00+00:00,81473.1,-0.6474074435393273,DOWN,2025-04-10 12:50:00+00:00,81706.5,-0.36278718111311115,DOWN,2025-04-10 13:00:00+00:00,81500.1,-0.6144822203794864,DOWN,2025-04-10 13:15:00+00:00,81847.6,-0.1907224037851707,DOWN,2025-04-10 13:30:00+00:00,0.631432613043259,-0.6650895078288754,0.6650895078288754,-0.15145579406894427,-0.13139560466424172,0.03313977251386824,-0.23169601482854185,-0.36278718111311115,-0.6144822203794864,2025-04-10 20:30:00 +08
2025-05-02 12:30:00+00:00,Nonfarm Payrolls,high,2025-05-02 12:30:00+00:00,96794.0,96819.9,-0.026750698978195153,96899.9,-0.10928803848093693,97006.5,0.2195384011405732,UP,2025-05-02 12:31:00+00:00,96784.0,-0.010331218877202009,DOWN,2025-05-02 12:35:00+00:00,96871.3,0.07986032192077719,UP,2025-05-02 12:40:00+00:00,97014.9,0.2282166249974127,UP,2025-05-02 12:45:00+00:00,97037.8,0.25187511622621894,UP,2025-05-02 12:50:00+00:00,97189.0,0.4080831456495293,UP,2025-05-02 13:00:00+00:00,96835.9,0.0432878070954823,UP,2025-05-02 13:15:00+00:00,96933.8,0.14443043990330917,UP,2025-05-02 13:30:00+00:00,0.49083620885592705,-0.1487695518317289,0.49083620885592705,0.23857249132086533,0.17945697001182648,-0.208063249579038,0.2282166249974127,0.4080831456495293,0.0432878070954823,2025-05-02 20:30:00 +08
2025-05-13 12:30:00+00:00,CPI,high,2025-05-13 12:30:00+00:00,103555.7,103568.1,-0.011972798574089172,103748.5,-0.18583401205800598,103572.1,0.015836887781173203,UP,2025-05-13 12:31:00+00:00,103872.7,0.3061154528432475,UP,2025-05-13 12:35:00+00:00,103940.0,0.37110463257938875,UP,2025-05-13 12:40:00+00:00,103701.7,0.14098692780792899,UP,2025-05-13 12:45:00+00:00,103757.9,0.19525723837510167,UP,2025-05-13 12:50:00+00:00,103718.0,0.15672724920019476,UP,2025-05-13 13:00:00+00:00,103677.1,0.11723159613619138,UP,2025-05-13 13:15:00+00:00,103755.2,0.19264994587453454,UP,2025-05-13 13:30:00+00:00,0.4173599328670452,-0.22760697865978896,0.4173599328670452,-0.16462458374529865,0.015718160840183515,-0.07787358842072933,0.14098692780792899,0.15672724920019476,0.11723159613619138,2025-05-13 20:30:00 +08
2025-06-06 12:30:00+00:00,Unemployment Rate,high,2025-06-06 12:30:00+00:00,103854.6,103910.7,-0.05398866526737933,104015.7,-0.154880465160534,104083.3,0.22021171907646853,UP,2025-06-06 12:31:00+00:00,104127.5,0.2627712205333088,UP,2025-06-06 12:35:00+00:00,103944.6,0.08665961835103708,UP,2025-06-06 12:40:00+00:00,103895.7,0.03957455904697316,UP,2025-06-06 12:45:00+00:00,103857.1,0.0024072116208584404,UP,2025-06-06 12:50:00+00:00,103846.5,-0.007799365651595114,DOWN,2025-06-06 13:00:00+00:00,103977.9,0.11872367714091947,UP,2025-06-06 13:15:00+00:00,103934.8,0.07722334879725068,UP,2025-06-06 13:30:00+00:00,0.42944655316181635,-0.33498756915919525,0.42944655316181635,-0.22261170199995295,-0.047355184093278435,0.11631366560398426,0.03957455904697316,-0.007799365651595114,0.11872367714091947,2025-06-06 20:30:00 +08
2025-06-11 12:30:00+00:00,CPI,high,2025-06-11 12:30:00+00:00,109280.0,109337.7,-0.052772282570423545,109238.7,0.03780711414544946,109831.7,0.5048499267935602,UP,2025-06-11 12:31:00+00:00,109696.6,0.3812225475841924,UP,2025-06-11 12:35:00+00:00,109620.0,0.31112737920937494,UP,2025-06-11 12:40:00+00:00,109732.3,0.4138909224011833,UP,2025-06-11 12:45:00+00:00,109627.9,0.3183565153733525,UP,2025-06-11 12:50:00+00:00,109689.6,0.37481698389458806,UP,2025-06-11 13:00:00+00:00,109613.3,0.30499633967788764,UP,2025-06-11 13:15:00+00:00,109754.9,0.43457174231331663,UP,2025-06-11 13:30:00+00:00,0.5997437774523995,0.0,0.5997437774523995,0.03254430857473345,-0.038912881621910866,-0.013317777682497756,0.4138909224011833,0.37481698389458806,0.30499633967788764,2025-06-11 20:30:00 +08
2025-07-03 12:30:00+00:00,Nonfarm Payrolls,high,2025-07-03 12:30:00+00:00,109619.5,109554.1,0.0596965334934918,109571.9,0.04344179483974919,109584.0,-0.032384749063807394,DOWN,2025-07-03 12:31:00+00:00,109343.5,-0.2517800208904464,DOWN,2025-07-03 12:35:00+00:00,109053.3,-0.5165139414064046,DOWN,2025-07-03 12:40:00+00:00,108859.5,-0.693307303901225,DOWN,2025-07-03 12:45:00+00:00,108936.0,-0.6235204502848535,DOWN,2025-07-03 12:50:00+00:00,109204.0,-0.3790384010144199,DOWN,2025-07-03 13:00:00+00:00,109322.0,-0.27139331961922863,DOWN,2025-07-03 13:15:00+00:00,109502.0,-0.10718895816893559,DOWN,2025-07-03 13:30:00+00:00,0.2885435529262681,-0.785900318830135,0.785900318830135,-0.44264176654305043,0.31646296372846994,0.35433649115077515,-0.693307303901225,-0.3790384010144199,-0.27139331961922863,2025-07-03 20:30:00 +08
2025-07-15 12:30:00+00:00,CPI,high,2025-07-15 12:30:00+00:00,116913.9,117121.9,-0.1775927473854133,117199.9,-0.24402751196886951,117374.5,0.3939651316053894,UP,2025-07-15 12:31:00+00:00,117397.4,0.41355219524794595,UP,2025-07-15 12:35:00+00:00,116852.4,-0.05260281283918644,DOWN,2025-07-15 12:40:00+00:00,116646.1,-0.22905745168024794,DOWN,2025-07-15 12:45:00+00:00,116940.0,0.022324120570793582,UP,2025-07-15 12:50:00+00:00,117197.1,0.2422295381473205,UP,2025-07-15 13:00:00+00:00,118055.1,0.9761029270257904,UP,2025-07-15 13:15:00+00:00,117708.0,0.6792177833431223,UP,2025-07-15 13:30:00+00:00,1.039739500606851,-0.4344222543256171,1.039739500606851,-0.6399630656215405,0.4723689861898528,0.9535659312468026,-0.22905745168024794,0.2422295381473205,0.9761029270257904,2025-07-15 20:30:00 +08
2025-08-01 12:30:00+00:00,Nonfarm Payrolls,high,2025-08-01 12:30:00+00:00,115445.9,115438.0,0.0068435004071387695,115272.0,0.1508605732528201,115651.9,0.1784385586668824,UP,2025-08-01 12:31:00+00:00,115694.0,0.2149058563361672,UP,2025-08-01 12:35:00+00:00,115740.1,0.25483798038736794,UP,2025-08-01 12:40:00+00:00,115760.0,0.2720754916372137,UP,2025-08-01 12:45:00+00:00,115644.0,0.1715955265626734,UP,2025-08-01 12:50:00+00:00,115782.1,0.2912186573971187,UP,2025-08-01 13:00:00+00:00,115847.6,0.34795518940040626,UP,2025-08-01 13:15:00+00:00,115508.0,0.05379142957870897,UP,2025-08-01 13:30:00+00:00,0.49590327590671723,-0.25786970347149163,0.49590327590671723,0.05704703787576815,0.019091223220457643,0.1760575559475619,0.2720754916372137,0.2912186573971187,0.34795518940040626,2025-08-01 20:30:00 +08
2025-08-12 12:30:00+00:00,CPI,high,2025-08-12 12:30:00+00:00,118494.3,118401.4,0.07846191007876424,118541.8,-0.04007025369954231,119098.5,0.509897944458082,UP,2025-08-12 12:31:00+00:00,118873.5,0.32001539314550076,UP,2025-08-12 12:35:00+00:00,118992.0,0.42002020350344615,UP,2025-08-12 12:40:00+00:00,119015.0,0.4394304198598542,UP,2025-08-12 12:45:00+00:00,119246.1,0.6344608981191602,UP,2025-08-12 12:50:00+00:00,119262.6,0.6483856185487413,UP,2025-08-12 13:00:00+00:00,118981.6,0.4112434100205675,UP,2025-08-12 13:15:00+00:00,119200.0,0.5955560731613296,UP,2025-08-12 13:30:00+00:00,0.7391916741986693,0.0,0.7391916741986693,0.1190340992736072,0.20804100323488228,-0.2218101891801938,0.4394304198598542,0.6483856185487413,0.4112434100205675,2025-08-12 20:30:00 +08
2025-09-05 12:30:00+00:00,Nonfarm Payrolls,high,2025-09-05 12:30:00+00:00,112611.2,112416.0,0.1736407628807335,112363.1,0.22080202486403078,112536.0,-0.06677843766872416,DOWN,2025-09-05 12:31:00+00:00,112779.9,0.1498074791850268,UP,2025-09-05 12:35:00+00:00,112600.1,-0.009856923645246152,DOWN,2025-09-05 12:40:00+00:00,112699.9,0.07876658804808478,UP,2025-09-05 12:45:00+00:00,112792.1,0.16064121508341245,UP,2025-09-05 12:50:00+00:00,113181.9,0.506787957148136,UP,2025-09-05 13:00:00+00:00,113081.7,0.417809240999123,UP,2025-09-05 13:15:00+00:00,112881.9,0.24038461538460343,UP,2025-09-05 13:30:00+00:00,0.7004631866102118,-0.5071431616038069,0.7004631866102118,-0.0709346257622201,0.4276844966144555,0.256755570647238,0.07876658804808478,0.506787957148136,0.417809240999123,2025-09-05 20:30:00 +08
2025-09-11 12:30:00+00:00,CPI,high,2025-09-11 12:30:00+00:00,114401.5,114228.4,0.15153849655602514,114159.1,0.21233524090500389,114094.0,-0.2687901819469096,DOWN,2025-09-11 12:31:00+00:00,113940.0,-0.403403801523583,DOWN,2025-09-11 12:35:00+00:00,113962.0,-0.3841732844412027,DOWN,2025-09-11 12:40:00+00:00,113947.2,-0.39711017775116986,DOWN,2025-09-11 12:45:00+00:00,114116.0,-0.2495596648645293,DOWN,2025-09-11 12:50:00+00:00,113966.0,-0.3806768267898608,DOWN,2025-09-11 13:00:00+00:00,113480.0,-0.80549643142791,DOWN,2025-09-11 13:15:00+00:00,113843.9,-0.4874061965970733,DOWN,2025-09-11 13:30:00+00:00,0.12630953265473366,-0.8601285822301241,0.8601285822301241,0.0063191153238495446,0.01649886965191527,-0.5573276315328224,-0.39711017775116986,-0.3806768267898608,-0.80549643142791,2025-09-11 20:30:00 +08
2025-10-24 12:30:00+00:00,CPI,high,2025-10-24 12:30:00+00:00,111019.7,111190.0,-0.15316125550859372,111148.1,-0.1155215428783829,111804.8,0.7071717902318309,UP,2025-10-24 12:31:00+00:00,111499.8,0.4324457731375686,UP,2025-10-24 12:35:00+00:00,111346.3,0.29418202355078193,UP,2025-10-24 12:40:00+00:00,111549.3,0.4770324546004012,UP,2025-10-24 12:45:00+00:00,111425.0,0.3650703433714986,UP,2025-10-24 12:50:00+00:00,111316.8,0.2676101628810157,UP,2025-10-24 13:00:00+00:00,111153.5,0.12051915110562472,UP,2025-10-24 13:15:00+00:00,111249.1,0.20662999449647668,UP,2025-10-24 13:30:00+00:00,1.0523357566269764,-0.10781870244650493,1.0523357566269764,0.04439469846582167,-0.20842802240802483,-0.2436616558223026,0.4770324546004012,0.2676101628810157,0.12051915110562472,2025-10-24 20:30:00 +08
2025-11-20 13:30:00+00:00,Nonfarm Payrolls,high,2025-11-20 13:30:00+00:00,91918.4,91970.1,-0.05621392169847805,91800.0,0.1289760348583746,92210.7,0.317999442984207,UP,2025-11-20 13:31:00+00:00,91849.6,-0.07484899650123111,DOWN,2025-11-20 13:35:00+00:00,91936.9,0.020126547024323926,UP,2025-11-20 13:40:00+00:00,91668.4,-0.27198036519348046,DOWN,2025-11-20 13:45:00+00:00,91876.5,-0.04558390920641475,DOWN,2025-11-20 13:50:00+00:00,91295.8,-0.6773399014778247,DOWN,2025-11-20 14:00:00+00:00,90863.3,-1.1478659332625374,DOWN,2025-11-20 14:15:00+00:00,91413.0,-0.5498355062751203,DOWN,2025-11-20 14:30:00+00:00,0.6871311946248015,-1.6170864592943257,1.6170864592943257,-0.197279030066555,-0.4064650413883042,-1.1027847164399973,-0.27198036519348046,-0.6773399014778247,-1.1478659332625374,2025-11-20 21:30:00 +08
2025-12-16 13:30:00+00:00,Nonfarm Payrolls,high,2025-12-16 13:30:00+00:00,87367.8,87283.4,0.09669650815620212,87140.4,0.26095817783715614,87534.9,0.1912603957064274,UP,2025-12-16 13:31:00+00:00,87025.2,-0.3921353175884046,DOWN,2025-12-16 13:35:00+00:00,87301.3,-0.0761149988897536,DOWN,2025-12-16 13:40:00+00:00,86918.1,-0.5147205263266286,DOWN,2025-12-16 13:45:00+00:00,87064.1,-0.347610904704021,DOWN,2025-12-16 13:50:00+00:00,86429.5,-1.0739654655376518,DOWN,2025-12-16 14:00:00+00:00,86887.6,-0.5496304130354623,DOWN,2025-12-16 14:15:00+00:00,87178.3,-0.2168991321745528,DOWN,2025-12-16 14:30:00+00:00,0.48335885761114916,-1.4408054225927613,1.4408054225927613,-0.12306780105072468,-0.5621383808435798,-0.20272419975627676,-0.5147205263266286,-1.0739654655376518,-0.5496304130354623,2025-12-16 21:30:00 +08
2025-12-18 13:30:00+00:00,CPI,high,2025-12-18 13:30:00+00:00,87639.3,87799.9,-0.18291592587234007,87399.4,0.274487010208313,88088.0,0.5119849200073467,UP,2025-12-18 13:31:00+00:00,87976.3,0.3845306842934715,UP,2025-12-18 13:35:00+00:00,88414.5,0.8845346779355889,UP,2025-12-18 13:40:00+00:00,88799.8,1.324177623509093,UP,2025-12-18 13:45:00+00:00,88966.6,1.514503196625272,UP,2025-12-18 13:50:00+00:00,89000.0,1.552613952872739,UP,2025-12-18 14:00:00+00:00,88359.7,0.822005652715152,UP,2025-12-18 14:15:00+00:00,88763.2,1.2824155373217128,UP,2025-12-18 14:30:00+00:00,2.100313443854529,0.0,2.100313443854529,0.9360475491694942,0.22545095822288364,-0.6821661162728532,1.324177623509093,1.552613952872739,0.822005652715152,2025-12-18 21:30:00 +08
2026-01-09 13:30:00+00:00,Nonfarm Payrolls,high,2026-01-09 13:30:00+00:00,90599.0,90643.4,-0.048983158178084185,90455.5,0.15864154197366975,90482.5,-0.12858861576838798,DOWN,2026-01-09 13:31:00+00:00,90772.5,0.1915032174748088,UP,2026-01-09 13:35:00+00:00,90736.0,0.15121579708385902,UP,2026-01-09 13:40:00+00:00,90600.1,0.001214141436456373,UP,2026-01-09 13:45:00+00:00,90541.9,-0.06302497820065422,DOWN,2026-01-09 13:50:00+00:00,90571.5,-0.03035353591098744,DOWN,2026-01-09 14:00:00+00:00,90368.0,-0.2549697016523411,DOWN,2026-01-09 14:15:00+00:00,90563.5,-0.03918365544873792,DOWN,2026-01-09 14:30:00+00:00,0.4025430744268643,-0.3800262696056267,0.4025430744268643,-0.18992536285769024,-0.03156729407584047,-0.19206577286317028,0.001214141436456373,-0.03035353591098744,-0.2549697016523411,2026-01-09 21:30:00 +08
2026-01-13 13:30:00+00:00,CPI,high,2026-01-13 13:30:00+00:00,92140.0,92017.0,0.13367095210667923,92070.1,0.07592041281587747,92360.0,0.23876709355328263,UP,2026-01-13 13:31:00+00:00,92396.8,0.2787063164749304,UP,2026-01-13 13:35:00+00:00,92083.4,-0.06142826134144519,DOWN,2026-01-13 13:40:00+00:00,92135.1,-0.005317994356413003,DOWN,2026-01-13 13:45:00+00:00,92135.5,-0.004883872368133257,DOWN,2026-01-13 13:50:00+00:00,92000.0,-0.1519426958975445,DOWN,2026-01-13 14:00:00+00:00,92023.9,-0.12600390709790465,DOWN,2026-01-13 14:15:00+00:00,92499.9,0.39060125895375997,UP,2026-01-13 14:30:00+00:00,0.506837421315387,-0.3798567397438668,0.506837421315387,-0.28323491722657135,-0.1466324994491841,-0.12112595036658513,-0.005317994356413003,-0.1519426958975445,-0.12600390709790465,2026-01-13 21:30:00 +08
2026-02-11 13:30:00+00:00,Nonfarm Payrolls,high,2026-02-11 13:30:00+00:00,67026.0,66903.6,0.18294979642350384,67171.0,-0.2158669663991919,67187.6,0.24110046847491962,UP,2026-02-11 13:31:00+00:00,67328.0,0.4505714200459421,UP,2026-02-11 13:35:00+00:00,67312.6,0.42759526154030336,UP,2026-02-11 13:40:00+00:00,67270.0,0.3640378360636243,UP,2026-02-11 13:45:00+00:00,67211.1,0.2761614895712139,UP,2026-02-11 13:50:00+00:00,67466.9,0.6578044341001954,UP,2026-02-11 14:00:00+00:00,68505.0,2.206606391549548,UP,2026-02-11 14:15:00+00:00,68088.2,1.5847581535523458,UP,2026-02-11 14:30:00+00:00,2.6950735535463677,-0.20469668486855497,2.6950735535463677,-0.08614543726235269,0.2927010554481857,1.9251284386061052,0.3640378360636243,0.6578044341001954,2.206606391549548,2026-02-11 21:30:00 +08
2026-02-13 13:30:00+00:00,CPI,high,2026-02-13 13:30:00+00:00,67346.1,67018.6,0.4886703094364897,67114.0,0.34582948416128634,67459.9,0.16897786211820254,UP,2026-02-13 13:31:00+00:00,67467.0,0.17952041766338134,UP,2026-02-13 13:35:00+00:00,67245.4,-0.14952610470392314,DOWN,2026-02-13 13:40:00+00:00,67248.0,-0.14566545056061697,DOWN,2026-02-13 13:45:00+00:00,67298.2,-0.0711251282554004,DOWN,2026-02-13 13:50:00+00:00,67257.9,-0.13096526747653492,DOWN,2026-02-13 14:00:00+00:00,67215.0,-0.1946660608409534,DOWN,2026-02-13 14:15:00+00:00,67309.4,-0.05449461809965417,DOWN,2026-02-13 14:30:00+00:00,0.41115966626128486,-0.3355799370713397,0.41115966626128486,-0.32460313931255147,0.014721627408986748,-0.12362886377347282,-0.14566545056061697,-0.13096526747653492,-0.1946660608409534,2026-02-13 21:30:00 +08
2026-03-06 13:30:00+00:00,Nonfarm Payrolls,high,2026-03-06 13:30:00+00:00,70068.4,70009.6,0.08398848157964434,69994.5,0.10557972412117422,69980.0,-0.1261624355629598,DOWN,2026-03-06 13:31:00+00:00,70289.3,0.3152633712201425,UP,2026-03-06 13:35:00+00:00,69980.3,-0.12573428250108876,DOWN,2026-03-06 13:40:00+00:00,69880.9,-0.26759566366578724,DOWN,2026-03-06 13:45:00+00:00,69891.8,-0.2520394357513389,DOWN,2026-03-06 13:50:00+00:00,68910.0,-1.6532416895490565,DOWN,2026-03-06 14:00:00+00:00,68833.0,-1.7631343087611495,DOWN,2026-03-06 14:15:00+00:00,68987.6,-1.5424927642132324,DOWN,2026-03-06 14:30:00+00:00,0.39632701759995115,-2.0671229826854876,2.0671229826854876,-0.581027268730816,-1.3893639034414207,-1.5149130513164688,-0.26759566366578724,-1.6532416895490565,-1.7631343087611495,2026-03-06 21:30:00 +08
2026-03-11 12:30:00+00:00,CPI,high,2026-03-11 12:30:00+00:00,69435.0,69206.0,0.33089616507240294,69214.9,0.31799511376886525,69517.0,0.11809606106429893,UP,2026-03-11 12:31:00+00:00,69275.9,-0.2291351623820881,DOWN,2026-03-11 12:35:00+00:00,69366.0,-0.09937351479801793,DOWN,2026-03-11 12:40:00+00:00,69208.0,-0.32692446172679634,DOWN,2026-03-11 12:45:00+00:00,69287.1,-0.21300496867573404,DOWN,2026-03-11 12:50:00+00:00,69365.0,-0.10081371066464895,DOWN,2026-03-11 13:00:00+00:00,69816.3,0.5491466839490311,UP,2026-03-11 13:15:00+00:00,70238.6,1.1573413984302006,UP,2026-03-11 13:30:00+00:00,1.386908619572269,-0.4026787643119589,1.386908619572269,-0.0980138836160882,0.2268523870072814,0.7637785388622031,-0.32692446172679634,-0.10081371066464895,0.5491466839490311,2026-03-11 20:30:00 +08
2026-04-03 12:30:00+00:00,Nonfarm Payrolls,high,2026-04-03 12:30:00+00:00,67117.7,67028.2,0.13352588910340302,67023.2,0.1409959536399441,66967.8,-0.22333899999552598,DOWN,2026-04-03 12:31:00+00:00,66846.1,-0.40466225749689055,DOWN,2026-04-03 12:35:00+00:00,66828.8,-0.4304378725730973,DOWN,2026-04-03 12:40:00+00:00,66880.5,-0.3534090113338162,DOWN,2026-04-03 12:45:00+00:00,66740.0,-0.5627427638312921,DOWN,2026-04-03 12:50:00+00:00,66696.8,-0.6271073055244658,DOWN,2026-04-03 13:00:00+00:00,66677.0,-0.6566077204671728,DOWN,2026-04-03 13:15:00+00:00,66649.0,-0.6983254789720061,DOWN,2026-04-03 13:30:00+00:00,0.38365438624983206,-0.8383779539525293,0.8383779539525293,0.05146149139589884,-0.27466899918511256,-0.09439616421935693,-0.3534090113338162,-0.6271073055244658,-0.6566077204671728,2026-04-03 20:30:00 +08
2026-04-10 12:30:00+00:00,CPI,high,2026-04-10 12:30:00+00:00,72156.7,72103.0,0.07447679014742636,72116.9,0.05518817364584816,72398.2,0.3346882548675323,UP,2026-04-10 12:31:00+00:00,72296.7,0.19402217673480937,UP,2026-04-10 12:35:00+00:00,72371.0,0.29699251767334456,UP,2026-04-10 12:40:00+00:00,72312.9,0.21647331432839145,UP,2026-04-10 12:45:00+00:00,72363.3,0.2863212979529406,UP,2026-04-10 12:50:00+00:00,72198.3,0.05765230394405574,UP,2026-04-10 13:00:00+00:00,72192.0,0.04892130599098987,UP,2026-04-10 13:15:00+00:00,72301.7,0.20095154018962003,UP,2026-04-10 13:30:00+00:00,0.412574300099644,-0.16879929375928082,0.412574300099644,0.022407661760492914,-0.15847794791798986,-0.23672220586955506,0.21647331432839145,0.05765230394405574,0.04892130599098987,2026-04-10 20:30:00 +08
2026-05-08 12:30:00+00:00,Nonfarm Payrolls,high,2026-05-08 12:30:00+00:00,80324.4,80253.5,0.08834505660189063,80258.8,0.08173558538127068,80193.0,-0.1635866561094712,DOWN,2026-05-08 12:31:00+00:00,80225.0,-0.12374820104475992,DOWN,2026-05-08 12:35:00+00:00,80248.0,-0.09511431146699278,DOWN,2026-05-08 12:40:00+00:00,80182.4,-0.17678314434965703,DOWN,2026-05-08 12:45:00+00:00,80031.8,-0.36427287349795057,DOWN,2026-05-08 12:50:00+00:00,80052.8,-0.33812888736173274,DOWN,2026-05-08 13:00:00+00:00,79774.9,-0.6841009705643608,DOWN,2026-05-08 13:15:00+00:00,79640.8,-0.8510489963199142,DOWN,2026-05-08 13:30:00+00:00,0.23504688488180658,-0.8941243258586362,0.8941243258586362,-0.05310065440947698,-0.16163148022507734,-0.32099740353210837,-0.17678314434965703,-0.33812888736173274,-0.6841009705643608,2026-05-08 20:30:00 +08
2026-05-12 12:30:00+00:00,CPI,high,2026-05-12 12:30:00+00:00,80826.8,80842.0,-0.018802107815241165,80789.0,0.04678854794588627,80630.8,-0.2424938263051346,DOWN,2026-05-12 12:31:00+00:00,80863.7,0.045653174442139566,UP,2026-05-12 12:35:00+00:00,80991.8,0.20414021092014512,UP,2026-05-12 12:40:00+00:00,80901.0,0.09180123424408215,UP,2026-05-12 12:45:00+00:00,80900.6,0.09130634888427913,UP,2026-05-12 12:50:00+00:00,80903.1,0.09439938238307022,UP,2026-05-12 13:00:00+00:00,80768.2,-0.0725007052116422,DOWN,2026-05-12 13:15:00+00:00,80641.6,-0.22913192159036422,DOWN,2026-05-12 13:30:00+00:00,0.21935793573419904,-0.26377389677680885,0.26377389677680885,0.04612700136155112,0.0025957651945018867,-0.16365762429451092,0.09180123424408215,0.09439938238307022,-0.0725007052116422,2026-05-12 20:30:00 +08
2026-06-05 12:30:00+00:00,Nonfarm Payrolls,high,2026-06-05 12:30:00+00:00,62220.0,62243.1,-0.037112547414897,61946.7,0.4411857290218979,61888.5,-0.5327868852459061,DOWN,2026-06-05 12:31:00+00:00,61699.3,-0.8368691738990686,DOWN,2026-06-05 12:35:00+00:00,61930.6,-0.465123754419805,DOWN,2026-06-05 12:40:00+00:00,62014.0,-0.33108325297331875,DOWN,2026-06-05 12:45:00+00:00,61899.1,-0.5157505625200898,DOWN,2026-06-05 12:50:00+00:00,62033.4,-0.29990356798457185,DOWN,2026-06-05 13:00:00+00:00,61924.7,-0.4746062359370029,DOWN,2026-06-05 13:15:00+00:00,61933.7,-0.4601414336226295,DOWN,2026-06-05 13:30:00+00:00,0.33992285438766423,-0.9561234329797497,0.9561234329797497,0.5100544090451464,0.03128325861903036,0.04135762878620941,-0.33108325297331875,-0.29990356798457185,-0.4746062359370029,2026-06-05 20:30:00 +08
2026-06-10 12:30:00+00:00,CPI,high,2026-06-10 12:30:00+00:00,61164.9,61132.3,0.05332696463244968,61005.4,0.26145226488147877,61494.2,0.5383806725752782,UP,2026-06-10 12:31:00+00:00,61586.2,0.6887937362768382,UP,2026-06-10 12:35:00+00:00,61675.1,0.8341385337015117,UP,2026-06-10 12:40:00+00:00,61678.2,0.8392067999784203,UP,2026-06-10 12:45:00+00:00,61761.2,0.9749055422309194,UP,2026-06-10 12:50:00+00:00,61601.9,0.7144620525824541,UP,2026-06-10 13:00:00+00:00,61485.9,0.5248107983500283,UP,2026-06-10 13:15:00+00:00,61739.2,0.9389372009109831,UP,2026-06-10 13:30:00+00:00,1.283415815279687,-0.08256369257532148,1.283415815279687,0.14938411527258832,-0.12370659325335875,-0.44574911109239723,0.8392067999784203,0.7144620525824541,0.5248107983500283,2026-06-10 20:30:00 +08
2026-07-02 12:30:00+00:00,Nonfarm Payrolls,high,2026-07-02 12:30:00+00:00,61347.9,61337.2,0.01744455240866305,61330.5,0.0283708758284984,61362.3,0.02347268610660702,UP,2026-07-02 12:31:00+00:00,61360.2,0.02004958604939766,UP,2026-07-02 12:35:00+00:00,61363.9,0.026080762340674468,UP,2026-07-02 12:40:00+00:00,61392.8,0.07318913931855242,UP,2026-07-02 12:45:00+00:00,61554.0,0.33595281990093095,UP,2026-07-02 12:50:00+00:00,61540.8,0.31443619096986897,UP,2026-07-02 13:00:00+00:00,61724.7,0.6142019531230725,UP,2026-07-02 13:15:00+00:00,61668.4,0.5224302706368089,UP,2026-07-02 13:30:00+00:00,1.037688331629938,-0.2652087520518265,1.037688331629938,0.053128901144394725,0.24107061414366804,0.2773174773369691,0.07318913931855242,0.31443619096986897,0.6142019531230725,2026-07-02 20:30:00 +08
2026-07-14 12:30:00+00:00,CPI,high,2026-07-14 12:30:00+00:00,62961.5,62821.6,0.22269410521222888,62848.1,0.1804350489513551,63383.9,0.670886176472929,UP,2026-07-14 12:31:00+00:00,63499.0,0.8536963064730063,UP,2026-07-14 12:35:00+00:00,63428.1,0.741087807628471,UP,2026-07-14 12:40:00+00:00,63706.7,1.183580442016141,UP,2026-07-14 12:45:00+00:00,63800.0,1.3317662380978756,UP,2026-07-14 12:50:00+00:00,63831.5,1.381796812337699,UP,2026-07-14 13:00:00+00:00,63831.0,1.381002676238663,UP,2026-07-14 13:15:00+00:00,63942.7,1.5584126807652199,UP,2026-07-14 13:30:00+00:00,1.9583396202441206,-0.02461821907038253,1.9583396202441206,0.3270917652246519,0.19589776271569104,0.04858934169278406,1.183580442016141,1.381796812337699,1.381002676238663,2026-07-14 20:30:00 +08
2026-08-07 12:30:00+00:00,Nonfarm Payrolls,high,2026-08-07 12:30:00+00:00,65127.6,65214.1,-0.1326400272333772,65033.1,0.14531061874645257,65063.2,-0.09888280851743092,DOWN,2026-08-07 12:31:00+00:00,65076.2,-0.07892199313348502,DOWN,2026-08-07 12:35:00+00:00,65192.0,0.09888280851744202,UP,2026-08-07 12:40:00+00:00,65207.1,0.1220680633095661,UP,2026-08-07 12:45:00+00:00,65300.1,0.26486466567170464,UP,2026-08-07 12:50:00+00:00,65256.4,0.19776561703486184,UP,2026-08-07 13:00:00+00:00,65213.0,0.13112720259920163,UP,2026-08-07 13:15:00+00:00,65150.1,0.034547565087605925,UP,2026-08-07 13:30:00+00:00,0.39983048661396126,-0.250738550169205,0.39983048661396126,0.20114880709076743,0.07560526384398081,-0.13338417552193338,0.1220680633095661,0.19776561703486184,0.13112720259920163,2026-08-07 20:30:00 +08
2026-08-12 12:30:00+00:00,CPI,high,2026-08-12 12:30:00+00:00,64414.6,64288.0,0.19692633150820704,64246.9,0.2610242673187324,64159.5,-0.3960282296249562,DOWN,2026-08-12 12:31:00+00:00,64133.7,-0.43608126108056755,DOWN,2026-08-12 12:35:00+00:00,64122.5,-0.45346862357291684,DOWN,2026-08-12 12:40:00+00:00,64040.2,-0.5812346890301301,DOWN,2026-08-12 12:45:00+00:00,64026.3,-0.6028136478375967,DOWN,2026-08-12 12:50:00+00:00,64118.6,-0.45952315158365176,DOWN,2026-08-12 13:00:00+00:00,64030.8,-0.5958276539790641,DOWN,2026-08-12 13:15:00+00:00,63957.8,-0.7091559987952967,DOWN,2026-08-12 13:30:00+00:00,0.12776606545721325,-0.7794816703045604,0.7794816703045604,-0.14578918727595758,0.12242310298844483,0.007028361782590586,-0.5812346890301301,-0.45952315158365176,-0.5958276539790641,2026-08-12 20:30:00 +08
2026-09-04 12:30:00+00:00,Nonfarm Payrolls,high,2026-09-04 12:30:00+00:00,81329.9,81184.0,0.17971521482065267,81244.6,0.10499159328740681,79964.6,-1.6787184049162573,DOWN,2026-09-04 12:31:00+00:00,79829.6,-1.844709018454449,DOWN,2026-09-04 12:35:00+00:00,79947.4,-1.6998668386411397,DOWN,2026-09-04 12:40:00+00:00,79384.1,-2.392478043130497,DOWN,2026-09-04 12:45:00+00:00,79563.7,-2.171649049119695,DOWN,2026-09-04 12:50:00+00:00,79410.1,-2.360509480523143,DOWN,2026-09-04 13:00:00+00:00,79242.5,-2.5665837533305647,DOWN,2026-09-04 13:15:00+00:00,79451.2,-2.3099745604015176,DOWN,2026-09-04 13:30:00+00:00,0.0,-2.653267740400511,2.653267740400511,-0.5580636756290946,0.03275215061957493,-0.4037016880813704,-2.392478043130497,-2.360509480523143,-2.5665837533305647,2026-09-04 20:30:00 +08
2026-09-11 12:30:00+00:00,CPI,high,2026-09-11 12:30:00+00:00,77100.3,76958.0,0.1849060526520896,77025.9,0.09659088696141183,76431.9,-0.8669226967988553,DOWN,2026-09-11 12:31:00+00:00,77159.0,0.07613459351001328,UP,2026-09-11 12:35:00+00:00,77501.1,0.5198423352438253,UP,2026-09-11 12:40:00+00:00,77641.0,0.7012942880896711,UP,2026-09-11 12:45:00+00:00,78023.9,1.1979201118542893,UP,2026-09-11 12:50:00+00:00,77870.5,0.9989584995129697,UP,2026-09-11 13:00:00+00:00,77639.5,0.6993487703679468,UP,2026-09-11 13:15:00+00:00,77688.9,0.7634211540032743,UP,2026-09-11 13:30:00+00:00,1.3743137186236432,-1.4258050876585493,1.4258050876585493,0.6246840938840537,0.29559124689275684,-0.49266955381619404,0.7012942880896711,0.9989584995129697,0.6993487703679468,2026-09-11 20:30:00 +08
2026-10-02 12:30:00+00:00,Nonfarm Payrolls,high,2026-10-02 12:30:00+00:00,86614.3,86460.4,0.17800056442025536,86408.3,0.23840302378359546,86784.1,0.19604153124830326,UP,2026-10-02 12:31:00+00:00,86816.6,0.23356420360147734,UP,2026-10-02 12:35:00+00:00,86757.9,0.16579248461281448,UP,2026-10-02 12:40:00+00:00,86574.5,-0.04595084183558473,DOWN,2026-10-02 12:45:00+00:00,86728.8,0.1321952610596533,UP,2026-10-02 12:50:00+00:00,86813.1,0.22952330042498303,UP,2026-10-02 13:00:00+00:00,86684.0,0.08047170040050844,UP,2026-10-02 13:15:00+00:00,86659.9,0.052647195670907365,UP,2026-10-02 13:30:00+00:00,0.7204353091810445,-0.2171696821425595,0.7204353091810445,-0.27886371961123313,0.27560078314052827,-0.05165527483373955,-0.04595084183558473,0.22952330042498303,0.08047170040050844,2026-10-02 20:30:00 +08
