timestamp,open,high,low,close,volume,amount,confirm
2026-10-08 06:55:00+00:00,82914.6,82948.4,82866.6,82868.8,7.78339842,645478.256985208,1
2026-10-08 06:56:00+00:00,82868.8,82899.9,82868.8,82886.6,1.88141476,155941.889486481,1
2026-10-08 06:57:00+00:00,82886.6,82912.0,82886.4,82912.0,0.16449895,13635.497875586,1
2026-10-08 06:58:00+00:00,82912.0,82929.3,82893.9,82893.9,0.99899126,82832.212036204,1
2026-10-08 06:59:00+00:00,82893.9,82897.9,82868.5,82868.5,3.49204282,289450.458898281,1
2026-10-08 07:00:00+00:00,82868.0,82870.2,82807.8,82819.2,1.03895401,86058.463103219,1
2026-10-08 07:01:00+00:00,82822.2,82822.3,82789.5,82789.6,1.31094432,108547.742458617,1
2026-10-08 07:02:00+00:00,82789.6,82795.1,82768.9,82768.9,3.66101598,303060.752019289,1
2026-10-08 07:03:00+00:00,82769.0,82769.0,82720.5,82721.4,5.02111056,415462.819513574,1
2026-10-08 07:04:00+00:00,82721.4,82761.1,82721.4,82744.5,2.74814003,227403.790251601,1
2026-10-08 07:05:00+00:00,82744.5,82838.5,82735.2,82818.8,4.80927451,398275.190642622,1
2026-10-08 07:06:00+00:00,82818.8,82916.0,82757.4,82916.0,9.24294295,765737.516530281,1
2026-10-08 07:07:00+00:00,82916.0,82982.6,82901.2,82982.5,9.52544999,790136.791729036,1
2026-10-08 07:08:00+00:00,82982.7,83019.9,82920.4,82922.3,5.40419378,448377.467262709,1
2026-10-08 07:09:00+00:00,82922.4,82995.4,82891.5,82987.4,1.60098258,132767.744275137,1
2026-10-08 07:10:00+00:00,82987.4,83023.7,82971.6,83023.6,1.77449744,147297.950846611,1
2026-10-08 07:11:00+00:00,83020.9,83049.8,82997.1,83029.7,3.77166718,313143.930186959,1
2026-10-08 07:12:00+00:00,83029.8,83042.7,82983.9,82984.1,3.64654091,302722.928359006,1
2026-10-08 07:13:00+00:00,82983.3,83017.0,82980.4,83016.9,0.56852713,47188.460186781,1
2026-10-08 07:14:00+00:00,83017.0,83074.0,83017.0,83054.9,3.69499509,306873.519145187,1
2026-10-08 07:15:00+00:00,83054.9,83065.9,83003.2,83007.4,23.7070118,1968713.185292735,1
2026-10-08 07:16:00+00:00,83007.3,83104.1,82995.2,83099.7,12.59426545,1046197.425981642,1
2026-10-08 07:17:00+00:00,83099.8,83148.7,83099.7,83148.1,16.81232268,1397502.903277641,1
2026-10-08 07:18:00+00:00,83148.1,83195.6,83116.7,83119.7,13.73579882,1142393.839431204,1
2026-10-08 07:19:00+00:00,83119.8,83176.8,83119.8,83157.0,2.70116378,224632.238006782,1
2026-10-08 07:20:00+00:00,83157.1,83180.7,83145.5,83175.5,10.40576999,865336.268264098,1
2026-10-08 07:21:00+00:00,83175.6,83191.1,83146.1,83191.0,3.36358226,279768.675376533,1
2026-10-08 07:22:00+00:00,83191.0,83257.7,83180.5,83257.7,8.29743614,690556.950910543,1
2026-10-08 07:23:00+00:00,83257.7,83287.6,83195.3,83205.3,7.54034395,627697.916656019,1
2026-10-08 07:24:00+00:00,83205.4,83239.4,83179.0,83179.0,5.11176343,425354.064765708,1
2026-10-08 07:25:00+00:00,83176.7,83176.7,83132.8,83132.8,0.75994077,63186.631463706,1
2026-10-08 07:26:00+00:00,83132.8,83160.0,83123.4,83123.5,2.04343693,169888.484731126,1
2026-10-08 07:27:00+00:00,83123.4,83130.0,83112.7,83117.2,1.29715886,107821.543764826,1
2026-10-08 07:28:00+00:00,83117.1,83146.1,83112.5,83124.9,1.594793,132569.2733492,1
2026-10-08 07:29:00+00:00,83124.9,83170.6,83119.8,83160.5,19.25896191,1601379.301254481,1
2026-10-08 07:30:00+00:00,83160.8,83191.3,83142.7,83164.3,17.4691723,1452997.952158824,1
2026-10-08 07:31:00+00:00,83164.3,83173.8,83119.7,83170.7,7.09576411,590051.657356986,1
2026-10-08 07:32:00+00:00,83170.7,83198.2,83148.1,83157.3,20.15142309,1676265.691395538,1
2026-10-08 07:33:00+00:00,83157.3,83163.7,83118.5,83125.1,4.58726188,381424.277222159,1
2026-10-08 07:34:00+00:00,83125.1,83151.5,83121.1,83125.2,7.35997604,611864.536617189,1
2026-10-08 07:35:00+00:00,83125.5,83129.8,83086.6,83125.8,9.11112136,757229.322344171,1
2026-10-08 07:36:00+00:00,83125.9,83207.8,83125.9,83207.7,23.90527602,1987739.364827664,1
2026-10-08 07:37:00+00:00,83207.7,83215.1,83183.2,83190.6,5.32564564,443113.447455436,1
2026-10-08 07:38:00+00:00,83190.6,83224.8,83188.1,83200.2,7.17564772,597009.705063929,1
2026-10-08 07:39:00+00:00,83200.3,83210.8,83172.8,83177.7,20.92002771,1740362.169577519,1
2026-10-08 07:40:00+00:00,83167.2,83182.2,83142.1,83148.7,13.3214017,1107760.729568795,1
2026-10-08 07:41:00+00:00,83146.3,83156.0,83134.9,83139.5,11.53828837,959364.720092797,1
2026-10-08 07:42:00+00:00,83139.5,83142.4,83116.7,83120.9,13.02514686,1082776.964428764,1
2026-10-08 07:43:00+00:00,83120.9,83122.1,83102.3,83110.8,14.18764144,1179145.693033537,1
2026-10-08 07:44:00+00:00,83110.7,83120.4,83096.7,83112.3,12.44470553,1034239.731284682,1
2026-10-08 07:45:00+00:00,83112.4,83112.4,83071.2,83108.8,12.26320842,1019035.442848437,1
2026-10-08 07:46:00+00:00,83108.8,83108.8,83073.3,83087.5,13.88234624,1153465.687112248,1
2026-10-08 07:47:00+00:00,83087.4,83090.4,83079.2,83087.5,8.36068928,694670.277879014,1
2026-10-08 07:48:00+00:00,83080.1,83101.6,83064.0,83101.6,8.45323558,702239.579974147,1
2026-10-08 07:49:00+00:00,83101.6,83109.9,83079.1,83102.1,7.63195809,634228.455480987,1
2026-10-08 07:50:00+00:00,83102.1,83102.2,83044.3,83056.4,11.70298238,972200.775004134,1
2026-10-08 07:51:00+00:00,83056.5,83088.3,83033.0,83088.3,10.98840331,912543.336960519,1
2026-10-08 07:52:00+00:00,83088.3,83088.3,83062.9,83069.9,1.02409848,85085.24927216,1
2026-10-08 07:53:00+00:00,83070.0,83079.1,83040.5,83040.5,1.88692393,156733.38753488,1
2026-10-08 07:54:00+00:00,83040.5,83040.5,82990.0,83002.4,7.48422716,621232.382588821,1
2026-10-08 07:55:00+00:00,83002.4,83020.5,82983.8,83020.5,2.24628721,186440.033062614,1
2026-10-08 07:56:00+00:00,83020.6,83025.8,83015.0,83025.8,1.95484498,162289.083346068,1
2026-10-08 07:57:00+00:00,83025.8,83035.1,83025.8,83035.0,4.150335,344609.13522972,1
2026-10-08 07:58:00+00:00,83035.1,83035.1,83008.1,83021.8,3.41542574,283552.314958668,1
2026-10-08 07:59:00+00:00,83021.8,83021.8,83001.1,83002.8,2.31905625,192511.898353247,1
2026-10-08 08:00:00+00:00,83002.9,83037.8,82996.1,83013.4,1.51502201,125770.764223362,1
2026-10-08 08:01:00+00:00,83008.5,83056.4,82985.9,83043.2,7.51539652,623962.778034002,1
2026-10-08 08:02:00+00:00,83043.2,83043.2,82958.1,82963.8,2.8133591,233450.294792746,1
2026-10-08 08:03:00+00:00,82963.9,83013.5,82963.9,82982.7,1.15443599,95799.29416779,1
2026-10-08 08:04:00+00:00,82982.7,83025.0,82963.5,83025.0,2.778739,230664.628251905,1
2026-10-08 08:05:00+00:00,83025.0,83056.9,83024.9,83054.5,0.82159907,68221.734013474,1
2026-10-08 08:06:00+00:00,83049.9,83055.2,83003.5,83027.7,0.62171793,51615.422519152,1
2026-10-08 08:07:00+00:00,83024.1,83057.9,83005.8,83050.0,1.41816389,117755.722916931,1
2026-10-08 08:08:00+00:00,83057.9,83070.4,83032.1,83032.1,0.82004532,68106.089427994,1
2026-10-08 08:09:00+00:00,83030.2,83055.0,83028.0,83039.3,1.62502941,134935.005392588,1
2026-10-08 08:10:00+00:00,83042.6,83042.6,83001.7,83017.1,0.91187829,75709.495480758,1
2026-10-08 08:11:00+00:00,83017.2,83043.1,82944.1,82971.9,3.8609726,320329.77910556,1
2026-10-08 08:12:00+00:00,82969.7,82985.2,82941.5,82969.6,1.60510529,133169.52302233,1
2026-10-08 08:13:00+00:00,82970.9,82990.1,82934.0,82939.5,3.07964732,255433.150125928,1
2026-10-08 08:14:00+00:00,82938.5,82973.0,82934.1,82966.7,1.43502863,119036.482815595,1
2026-10-08 08:15:00+00:00,82968.2,83004.9,82949.0,83003.5,5.73254809,475634.637934803,1
2026-10-08 08:16:00+00:00,83004.9,83043.1,82997.8,83022.9,3.95177952,328027.39681076,1
2026-10-08 08:17:00+00:00,83012.8,83034.8,82973.4,82996.0,5.91354741,490837.352719035,1
2026-10-08 08:18:00+00:00,82995.1,83064.7,82987.5,83051.9,7.29353341,605568.73192634,1
2026-10-08 08:19:00+00:00,83058.1,83073.1,83024.6,83030.7,0.37854336,31436.632818429,1
2026-10-08 08:20:00+00:00,83030.6,83030.6,82994.1,83003.0,1.51154287,125464.075752404,1
2026-10-08 08:21:00+00:00,83003.0,83003.0,82981.4,82987.0,1.17418099,97444.660101597,1
2026-10-08 08:22:00+00:00,82985.1,82996.3,82955.9,82980.9,10.78415141,894894.043217223,1
2026-10-08 08:23:00+00:00,82980.0,83007.4,82940.1,82940.1,5.57769309,462814.201057864,1
2026-10-08 08:24:00+00:00,82940.0,82961.3,82935.9,82940.3,0.36196128,30020.680102442,1
2026-10-08 08:25:00+00:00,82940.1,82975.6,82934.0,82974.3,1.08011667,89586.361780413,1
2026-10-08 08:26:00+00:00,82969.8,82973.4,82940.3,82973.4,1.16372464,96539.963019258,1
2026-10-08 08:27:00+00:00,82973.5,83001.3,82973.4,83000.0,0.88506306,73437.664516804,1
2026-10-08 08:28:00+00:00,83000.0,83000.0,82981.3,82985.4,0.47557571,39464.210005176,1
2026-10-08 08:29:00+00:00,82985.5,83005.8,82985.5,83002.7,1.06405908,88314.13453553,1
2026-10-08 08:30:00+00:00,83002.6,83029.9,82965.9,82968.5,2.98578768,247841.983593751,1
2026-10-08 08:31:00+00:00,82968.6,82987.3,82934.1,82934.1,0.62248031,51652.582335799,1
2026-10-08 08:32:00+00:00,82934.1,82934.1,82872.9,82872.9,2.77609469,230138.019467616,1
2026-10-08 08:33:00+00:00,82872.9,82916.2,82857.1,82891.6,8.42636829,698390.003662215,1
2026-10-08 08:34:00+00:00,82889.9,82916.0,82854.1,82854.1,2.67519834,221719.867873988,1
2026-10-08 08:35:00+00:00,82854.2,82854.2,82840.0,82849.7,3.23788992,268253.045101266,1
2026-10-08 08:36:00+00:00,82843.2,82843.2,82820.0,82820.1,1.00409421,83170.179162765,1
2026-10-08 08:37:00+00:00,82820.0,82824.7,82797.4,82809.9,2.70302801,223818.551260628,1
2026-10-08 08:38:00+00:00,82810.0,82877.8,82809.9,82860.2,1.17131975,97030.694661601,1
2026-10-08 08:39:00+00:00,82860.2,82872.8,82816.6,82846.8,4.26965571,353695.435550424,1
2026-10-08 08:40:00+00:00,82846.9,82860.0,82838.6,82838.6,0.34191004,28327.976911165,1
2026-10-08 08:41:00+00:00,82838.6,82838.6,82800.0,82800.0,0.91105163,75448.331586487,1
2026-10-08 08:42:00+00:00,82800.1,82842.3,82800.1,82834.2,0.61136652,50639.028524907,1
2026-10-08 08:43:00+00:00,82838.4,82878.1,82838.4,82878.1,1.9532899,161820.462788853,1
2026-10-08 08:44:00+00:00,82878.1,82916.5,82856.6,82865.5,5.31929631,440865.770903224,1
2026-10-08 08:45:00+00:00,82865.4,82909.7,82860.2,82908.4,0.63261967,52433.456805719,1
2026-10-08 08:46:00+00:00,82908.5,82957.0,82899.6,82955.0,2.06384728,171136.3184741,1
2026-10-08 08:47:00+00:00,82956.9,82956.9,82890.0,82912.9,20.65015978,1711942.436653469,1
2026-10-08 08:48:00+00:00,82912.9,82912.9,82855.5,82900.7,3.68348733,305308.36183494,1
2026-10-08 08:49:00+00:00,82900.8,82930.0,82884.1,82907.3,2.40576858,199471.054594001,1
2026-10-08 08:50:00+00:00,82907.4,82932.1,82868.1,82877.0,0.40731459,33763.558472774,1
2026-10-08 08:51:00+00:00,82876.9,82920.2,82876.9,82895.2,0.81214536,67322.046601359,1
2026-10-08 08:52:00+00:00,82895.1,82895.2,82860.1,82865.2,2.07116711,171654.23676662,1
2026-10-08 08:53:00+00:00,82865.3,82865.3,82846.5,82851.6,1.89042585,156629.581561497,1
2026-10-08 08:54:00+00:00,82849.0,82860.8,82826.2,82842.9,2.01230721,166698.624297822,1
2026-10-08 08:55:00+00:00,82843.0,82875.2,82832.6,82875.2,2.75091257,227916.632863394,1
2026-10-08 08:56:00+00:00,82875.2,82906.1,82858.0,82858.0,0.50181688,41594.756078876,1
2026-10-08 08:57:00+00:00,82857.9,82879.8,82852.7,82854.4,0.50601923,41929.472076057,1
2026-10-08 08:58:00+00:00,82860.1,82874.4,82846.4,82860.0,2.26162609,187374.876942789,1
2026-10-08 08:59:00+00:00,82862.1,82879.4,82860.1,82879.3,0.16428239,13612.785655943,1
2026-10-08 09:00:00+00:00,82879.4,82949.9,82872.7,82930.3,3.05563244,253403.303332247,1
2026-10-08 09:01:00+00:00,82925.2,82928.7,82894.3,82899.8,0.3449855,28605.076029182,1
2026-10-08 09:02:00+00:00,82901.9,82982.6,82899.8,82982.5,2.3921477,198447.235680324,1
2026-10-08 09:03:00+00:00,82982.6,82988.8,82967.4,82975.9,1.14152185,94721.219258371,1
2026-10-08 09:04:00+00:00,82975.9,83027.0,82975.9,83027.0,1.93413112,160511.722247736,1
2026-10-08 09:05:00+00:00,83027.4,83056.5,83027.3,83039.7,5.19211145,431158.495273824,1
2026-10-08 09:06:00+00:00,83039.7,83051.9,83029.4,83051.9,1.50969923,125360.928513904,1
2026-10-08 09:07:00+00:00,83051.8,83051.8,83030.0,83037.7,0.6264857,52022.375797375,1
2026-10-08 09:08:00+00:00,83039.3,83058.1,83032.2,83032.2,2.48360832,206252.800066321,1
2026-10-08 09:09:00+00:00,83032.3,83049.9,83027.1,83043.4,0.51984111,43166.220053431,1
2026-10-08 09:10:00+00:00,83043.1,83058.0,83004.7,83008.9,0.17896571,14861.149475758,1
2026-10-08 09:11:00+00:00,83008.9,83042.6,83008.9,83025.2,0.0571542,4745.732039284,1
2026-10-08 09:12:00+00:00,83025.1,83025.2,83006.3,83006.3,0.18250852,15151.779772998,1
2026-10-08 09:13:00+00:00,83006.2,83048.1,82995.5,83048.1,3.25946323,270576.706314644,1
2026-10-08 09:14:00+00:00,83048.1,83066.6,83027.3,83036.2,2.61535568,217215.590221727,1
2026-10-08 09:15:00+00:00,83036.1,83048.5,82968.8,82968.8,1.77416206,147319.444221448,1
2026-10-08 09:16:00+00:00,82968.8,82968.9,82895.0,82895.0,5.29185613,438847.107497357,1
2026-10-08 09:17:00+00:00,82895.0,82918.7,82825.9,82918.7,2.61270083,216474.429848352,1
2026-10-08 09:18:00+00:00,82922.7,82962.7,82905.0,82950.1,4.42017501,366597.886899755,1
2026-10-08 09:19:00+00:00,82949.3,82973.8,82936.3,82973.8,1.3059506,108338.274736861,1
2026-10-08 09:20:00+00:00,82973.8,82998.2,82958.6,82967.4,1.02052297,84678.384462501,1
2026-10-08 09:21:00+00:00,82967.4,83000.0,82967.3,82997.8,2.36764218,196481.535063822,1
2026-10-08 09:22:00+00:00,82997.9,83036.2,82997.9,83035.8,2.28157571,189425.608065459,1
2026-10-08 09:23:00+00:00,83036.2,83058.1,83030.3,83055.1,3.7262112,309461.167907472,1
2026-10-08 09:24:00+00:00,83058.1,83083.2,83058.1,83069.4,5.09447648,423177.410109956,1
2026-10-08 09:25:00+00:00,83069.4,83069.4,83047.0,83049.2,1.50575056,125059.473859978,1
2026-10-08 09:26:00+00:00,83049.8,83060.1,83027.6,83060.1,1.01384462,84191.226087284,1
2026-10-08 09:27:00+00:00,83060.1,83067.1,83033.5,83057.7,2.61633127,217271.879263115,1
2026-10-08 09:28:00+00:00,83057.7,83057.7,83041.6,83041.7,0.74621274,61968.304540861,1
2026-10-08 09:29:00+00:00,83041.6,83041.7,83030.4,83041.7,1.13434819,94188.82621442,1
2026-10-08 09:30:00+00:00,83041.7,83063.9,83006.6,83035.8,1.49851623,124421.894113689,1
2026-10-08 09:31:00+00:00,83036.6,83098.9,83031.1,83080.7,1.63948043,136195.756772166,1
2026-10-08 09:32:00+00:00,83080.7,83140.8,83080.7,83135.3,3.81563639,317137.67458609,1
2026-10-08 09:33:00+00:00,83135.3,83154.4,83122.8,83154.4,1.59537237,132636.878529775,1
2026-10-08 09:34:00+00:00,83154.4,83157.8,83100.1,83120.8,7.1994951,598452.376822866,1
2026-10-08 09:35:00+00:00,83120.8,83145.7,83115.3,83140.2,1.19805287,99594.074086401,1
2026-10-08 09:36:00+00:00,83140.2,83157.3,83136.5,83136.6,1.58682363,131929.458983812,1
2026-10-08 09:37:00+00:00,83136.6,83157.9,83136.5,83150.3,0.178515,14843.769704359,1
2026-10-08 09:38:00+00:00,83150.3,83162.4,83150.3,83152.5,1.78412994,148356.01379615,1
2026-10-08 09:39:00+00:00,83152.5,83160.9,83150.4,83159.7,0.60813935,50567.312948988,1
2026-10-08 09:40:00+00:00,83159.8,83159.8,83136.3,83143.4,1.83980178,152960.593995396,1
2026-10-08 09:41:00+00:00,83143.3,83160.0,83140.8,83159.9,0.06041118,5023.349831803,1
2026-10-08 09:42:00+00:00,83160.0,83174.9,83155.9,83168.0,1.02010327,84839.053028636,1
2026-10-08 09:43:00+00:00,83168.1,83172.7,83111.2,83111.2,1.73335534,144123.354967215,1
2026-10-08 09:44:00+00:00,83111.2,83132.5,83085.7,83128.0,0.45565755,37869.412443316,1
2026-10-08 09:45:00+00:00,83124.7,83176.3,83124.7,83176.3,2.84159451,236283.534555221,1
2026-10-08 09:46:00+00:00,83171.9,83174.9,83134.6,83148.9,2.42058738,201245.506514351,1
2026-10-08 09:47:00+00:00,83148.9,83148.9,83110.7,83110.7,0.97824874,81320.323157938,1
2026-10-08 09:48:00+00:00,83108.5,83113.1,83072.8,83112.0,1.32199562,109835.846428672,1
2026-10-08 09:49:00+00:00,83113.0,83113.0,83084.5,83084.5,1.07645246,89453.407204669,1
2026-10-08 09:50:00+00:00,83084.4,83089.6,83058.8,83089.6,4.70856725,391101.834918136,1
2026-10-08 09:51:00+00:00,83089.6,83106.1,83062.3,83105.3,0.31346304,26042.386241858,1
2026-10-08 09:52:00+00:00,83105.3,83114.3,83096.8,83112.2,0.16470655,13687.256320419,1
2026-10-08 09:53:00+00:00,83112.3,83137.7,83112.3,83136.3,1.11861997,92989.510985478,1
2026-10-08 09:54:00+00:00,83128.6,83128.7,83093.0,83100.3,5.87867646,488556.1778328,1
2026-10-08 09:55:00+00:00,83093.2,83100.3,83080.2,83090.3,0.90628322,75302.232360944,1
2026-10-08 09:56:00+00:00,83090.3,83097.8,83080.1,83094.2,1.27336777,105799.438738965,1
2026-10-08 09:57:00+00:00,83093.2,83105.3,83083.9,83102.4,1.24582119,103520.403850371,1
2026-10-08 09:58:00+00:00,83101.5,83131.0,83095.7,83123.4,2.33887084,194367.45427713,1
2026-10-08 09:59:00+00:00,83123.3,83132.8,83120.4,83124.9,0.16064414,13353.737615013,1
2026-10-08 10:00:00+00:00,83124.9,83142.7,83108.1,83108.1,1.07126856,89057.186702983,1
2026-10-08 10:01:00+00:00,83108.1,83124.2,83093.9,83124.1,0.20587001,17110.965308102,1
2026-10-08 10:02:00+00:00,83124.2,83153.8,83124.1,83138.1,0.81684713,67913.451389551,1
2026-10-08 10:03:00+00:00,83138.5,83168.4,83136.7,83166.1,1.69913171,141298.148260947,1
2026-10-08 10:04:00+00:00,83166.1,83166.6,83154.2,83166.6,0.81978959,68175.304958649,1
2026-10-08 10:05:00+00:00,83166.6,83177.0,83104.7,83107.3,5.15935984,429032.202006732,1
2026-10-08 10:06:00+00:00,83107.3,83120.6,83094.8,83100.7,0.3929553,32655.403592695,1
2026-10-08 10:07:00+00:00,83103.6,83116.7,83092.1,83092.3,1.50691549,125248.690942674,1
2026-10-08 10:08:00+00:00,83092.2,83096.5,83061.0,83072.9,0.8844751,73492.250981256,1
2026-10-08 10:09:00+00:00,83072.8,83072.8,83028.8,83030.7,0.81102771,67350.695775779,1
2026-10-08 10:10:00+00:00,83030.1,83068.1,83019.7,83051.1,1.7634475,146427.484027579,1
2026-10-08 10:11:00+00:00,83051.2,83076.0,83051.2,83064.6,1.51064307,125481.01595118,1
2026-10-08 10:12:00+00:00,83064.6,83087.6,83064.6,83087.5,1.16711467,96956.442606251,1
2026-10-08 10:13:00+00:00,83087.6,83097.3,83082.9,83097.3,1.42046517,118032.701417599,1
2026-10-08 10:14:00+00:00,83097.4,83097.4,83070.2,83080.7,0.25636947,21299.403393977,1
2026-10-08 10:15:00+00:00,83080.8,83081.0,83024.5,83024.6,0.55535672,46124.905744115,1
2026-10-08 10:16:00+00:00,83024.5,83065.2,83004.9,83053.9,7.63239726,633717.147400405,1
2026-10-08 10:17:00+00:00,83052.6,83052.7,83004.1,83004.1,10.58744752,879049.586435177,1
2026-10-08 10:18:00+00:00,83004.2,83004.2,82983.6,82985.8,3.20268426,265814.707652256,1
2026-10-08 10:19:00+00:00,82985.8,83003.2,82964.2,82964.2,4.68759159,389012.167292772,1
2026-10-08 10:20:00+00:00,82964.2,82964.3,82941.5,82941.6,3.85632044,319892.79130192,1
2026-10-08 10:21:00+00:00,82941.6,82961.6,82941.5,82957.4,1.24888456,103588.540645066,1
2026-10-08 10:22:00+00:00,82957.5,82995.8,82957.5,82995.7,0.99800571,82802.335314806,1
2026-10-08 10:23:00+00:00,82995.8,83017.8,82984.4,82987.0,3.04679198,252914.769106771,1
2026-10-08 10:24:00+00:00,82986.9,82995.1,82961.7,82967.3,0.73186369,60725.120607346,1
2026-10-08 10:25:00+00:00,82967.4,82967.4,82841.8,82841.8,16.3026672,1351560.051328013,1
2026-10-08 10:26:00+00:00,82841.7,82861.0,82800.0,82803.6,2.97779512,246647.913178678,1
2026-10-08 10:27:00+00:00,82800.0,82817.7,82750.3,82803.7,6.76877049,560266.961324213,1
2026-10-08 10:28:00+00:00,82803.7,82810.9,82738.0,82739.1,4.34268015,359393.405169018,1
2026-10-08 10:29:00+00:00,82739.2,82794.5,82737.6,82788.4,2.62325837,217136.342774235,1
2026-10-08 10:30:00+00:00,82788.3,82850.3,82767.9,82815.9,1.9101748,158177.388671344,1
2026-10-08 10:31:00+00:00,82815.8,82828.0,82802.8,82828.0,1.81518199,150329.305004122,1
2026-10-08 10:32:00+00:00,82828.0,82832.7,82754.1,82769.6,0.91706416,75926.06337229,1
2026-10-08 10:33:00+00:00,82769.7,82771.5,82700.0,82717.2,8.68843359,718746.53859375,1
2026-10-08 10:34:00+00:00,82717.2,82770.7,82700.0,82741.0,3.10453355,256835.118871457,1
2026-10-08 10:35:00+00:00,82737.2,82763.5,82720.1,82763.5,2.34848128,194299.073393277,1
2026-10-08 10:36:00+00:00,82763.5,82780.4,82750.3,82755.2,0.50291205,41622.078209104,1
2026-10-08 10:37:00+00:00,82755.2,82755.2,82713.0,82713.0,1.03499982,85638.571550548,1
2026-10-08 10:38:00+00:00,82713.1,82718.8,82692.1,82697.2,1.66650708,137818.568189042,1
2026-10-08 10:39:00+00:00,82697.2,82710.0,82672.9,82699.6,3.42393959,283122.529997436,1
2026-10-08 10:40:00+00:00,82701.4,82713.7,82673.9,82696.8,1.44486763,119472.129654052,1
2026-10-08 10:41:00+00:00,82700.3,82700.3,82676.3,82676.3,0.96105501,79466.444993361,1
2026-10-08 10:42:00+00:00,82676.3,82676.4,82629.2,82629.3,1.6878626,139499.069804655,1
2026-10-08 10:43:00+00:00,82629.2,82691.2,82628.7,82664.0,5.14908238,425669.447990212,1
2026-10-08 10:44:00+00:00,82659.4,82720.7,82659.4,82716.7,1.26914209,104947.978203002,1
2026-10-08 10:45:00+00:00,82716.7,82742.0,82702.5,82727.8,2.7125409,224393.033513541,1
2026-10-08 10:46:00+00:00,82730.0,82732.8,82659.8,82659.8,1.76874985,146255.667312264,1
2026-10-08 10:47:00+00:00,82655.7,82670.6,82617.5,82617.5,1.51174875,124946.565531452,1
2026-10-08 10:48:00+00:00,82617.4,82634.5,82600.0,82607.1,2.42398103,200245.956780716,1
2026-10-08 10:49:00+00:00,82607.2,82681.9,82603.5,82681.9,3.38674673,279894.47027605,1
2026-10-08 10:50:00+00:00,82681.8,82693.0,82647.1,82647.1,2.2568283,186586.481180881,1
2026-10-08 10:51:00+00:00,82646.4,82708.8,82646.4,82705.2,1.0003104,82690.407849505,1
2026-10-08 10:52:00+00:00,82705.2,82731.7,82701.4,82710.9,0.8061887,66683.848032844,1
2026-10-08 10:53:00+00:00,82710.9,82756.6,82705.0,82742.1,2.26534529,187434.895570947,1
2026-10-08 10:54:00+00:00,82742.0,82752.5,82687.0,82687.1,2.33391575,193049.007041382,1
2026-10-08 10:55:00+00:00,82687.2,82719.0,82687.1,82700.5,2.33404993,193032.635614409,1
2026-10-08 10:56:00+00:00,82700.5,82719.2,82700.5,82719.2,0.67071841,55477.206882352,1
2026-10-08 10:57:00+00:00,82719.2,82742.5,82688.2,82736.2,3.81048044,315136.010093861,1
2026-10-08 10:58:00+00:00,82734.8,82746.4,82717.3,82743.0,0.62827002,51975.667266299,1
2026-10-08 10:59:00+00:00,82743.1,82756.6,82731.0,82731.0,5.25909491,435176.517787734,1
2026-10-08 11:00:00+00:00,82731.1,82741.7,82683.5,82683.5,1.38882892,114881.0223736,1
2026-10-08 11:01:00+00:00,82683.3,82683.3,82650.1,82650.1,1.90061755,157120.58950704,1
2026-10-08 11:02:00+00:00,82650.0,82650.0,82614.9,82626.7,2.03799006,168404.013003715,1
2026-10-08 11:03:00+00:00,82626.7,82664.2,82620.7,82620.8,1.34602885,111238.032908103,1
2026-10-08 11:04:00+00:00,82620.8,82660.1,82581.7,82660.1,9.18890699,759144.220637519,1
2026-10-08 11:05:00+00:00,82660.1,82696.6,82640.0,82646.6,1.70901614,141267.7236992,1
2026-10-08 11:06:00+00:00,82646.5,82646.5,82555.0,82568.4,6.03858285,498614.179493914,1
2026-10-08 11:07:00+00:00,82568.3,82583.9,82514.4,82525.7,6.02205468,497061.143279507,1
2026-10-08 11:08:00+00:00,82525.7,82566.1,82507.6,82514.6,3.90527838,322299.878753756,1
2026-10-08 11:09:00+00:00,82514.5,82514.5,82458.1,82470.2,31.61934983,2608519.802399655,1
2026-10-08 11:10:00+00:00,82470.1,82528.0,82466.1,82480.9,8.59839013,709250.682536922,1
2026-10-08 11:11:00+00:00,82481.0,82481.3,82324.3,82458.2,40.27406411,3318442.085602406,1
2026-10-08 11:12:00+00:00,82448.4,82448.4,82333.6,82428.3,7.49704001,617723.567995404,1
2026-10-08 11:13:00+00:00,82428.2,82481.2,82416.0,82481.2,10.79671086,890056.662186522,1
2026-10-08 11:14:00+00:00,82481.2,82530.7,82467.4,82478.5,6.19434276,511059.062703088,1
2026-10-08 11:15:00+00:00,82478.2,82478.4,82391.4,82411.8,5.20514158,429123.678457959,1
2026-10-08 11:16:00+00:00,82411.7,82416.8,82348.0,82377.8,10.71908913,883134.017204225,1
2026-10-08 11:17:00+00:00,82377.8,82416.6,82338.3,82350.1,6.69352074,551438.645812571,1
2026-10-08 11:18:00+00:00,82350.1,82411.9,82350.1,82411.9,9.13072954,752281.699576977,1
2026-10-08 11:19:00+00:00,82411.9,82431.0,82378.0,82383.2,52.24172729,4304957.697750331,1
2026-10-08 11:20:00+00:00,82383.1,82439.3,82377.3,82421.4,6.5800122,542217.18228937,1
2026-10-08 11:21:00+00:00,82421.4,82452.0,82400.6,82452.0,1.03623573,85401.601902977,1
2026-10-08 11:22:00+00:00,82452.0,82512.5,82450.7,82508.2,2.88832382,238241.570397837,1
2026-10-08 11:23:00+00:00,82508.2,82580.0,82508.2,82578.7,5.65616729,466878.737006925,1
2026-10-08 11:24:00+00:00,82578.8,82606.7,82521.2,82521.2,8.63888842,713308.903950375,1
2026-10-08 11:25:00+00:00,82521.2,82546.1,82492.3,82492.3,3.68931672,304407.750026977,1
2026-10-08 11:26:00+00:00,82486.3,82503.1,82467.4,82501.8,1.97552763,162943.89522002,1
2026-10-08 11:27:00+00:00,82499.3,82523.0,82493.5,82522.9,1.17141303,96655.400535933,1
2026-10-08 11:28:00+00:00,82523.0,82554.2,82521.2,82551.0,3.32967094,274820.222580367,1
2026-10-08 11:29:00+00:00,82551.0,82557.0,82550.7,82550.7,0.12395438,10232.661477334,1
2026-10-08 11:30:00+00:00,82550.8,82631.1,82550.8,82572.5,3.28673395,271496.324337712,1
2026-10-08 11:31:00+00:00,82577.4,82600.0,82552.1,82553.0,2.01026326,165996.777324852,1
2026-10-08 11:32:00+00:00,82553.0,82555.4,82501.8,82545.2,2.94470916,243018.73573376,1
2026-10-08 11:33:00+00:00,82542.1,82542.2,82501.8,82501.8,2.28729654,188757.111250685,1
2026-10-08 11:34:00+00:00,82501.8,82501.8,82395.8,82399.4,6.2776746,517523.453101576,1
2026-10-08 11:35:00+00:00,82399.5,82497.1,82399.5,82497.1,3.46189128,285452.423432731,1
2026-10-08 11:36:00+00:00,82497.0,82497.0,82407.5,82434.8,6.64708324,547949.346237831,1
2026-10-08 11:37:00+00:00,82439.7,82519.2,82422.9,82490.9,7.64206671,630253.682876149,1
2026-10-08 11:38:00+00:00,82490.8,82534.1,82444.8,82444.8,3.17857676,262234.16073907,1
2026-10-08 11:39:00+00:00,82440.2,82524.2,82434.7,82521.1,5.02199929,414161.787158591,1
2026-10-08 11:40:00+00:00,82521.1,82625.9,82521.1,82599.7,11.14178445,920216.364425105,1
2026-10-08 11:41:00+00:00,82599.7,82669.7,82595.5,82646.2,4.47626844,369934.772573173,1
2026-10-08 11:42:00+00:00,82646.2,82656.5,82620.1,82648.2,1.43051469,118218.777158608,1
2026-10-08 11:43:00+00:00,82648.2,82648.2,82616.9,82635.1,0.62952623,52015.907795404,1
2026-10-08 11:44:00+00:00,82637.7,82637.7,82619.0,82619.0,5.1920628,429011.24661107,1
2026-10-08 11:45:00+00:00,82619.0,82667.7,82607.0,82635.0,1.94768468,160937.58634145,1
2026-10-08 11:46:00+00:00,82635.1,82635.1,82604.5,82621.9,1.09098003,90134.839445529,1
2026-10-08 11:47:00+00:00,82621.9,82622.7,82520.2,82520.2,2.25347316,186108.667613142,1
2026-10-08 11:48:00+00:00,82520.3,82545.1,82518.3,82532.4,0.67891234,56028.172749403,1
2026-10-08 11:49:00+00:00,82532.9,82598.5,82526.3,82589.2,0.42210643,34846.704056903,1
2026-10-08 11:50:00+00:00,82589.1,82636.0,82579.5,82623.0,1.30894194,108114.459071155,1
2026-10-08 11:51:00+00:00,82622.9,82638.3,82607.2,82616.4,0.45847785,37880.503807352,1
2026-10-08 11:52:00+00:00,82620.3,82620.3,82582.0,82598.3,2.61210627,215767.815906052,1
2026-10-08 11:53:00+00:00,82598.3,82599.3,82578.9,82578.9,0.11621381,9597.829271317,1
2026-10-08 11:54:00+00:00,82578.9,82593.7,82559.4,82591.6,3.6096045,298091.50783009,1
2026-10-08 11:55:00+00:00,82591.6,82591.6,82542.6,82542.6,0.89647893,74030.454192896,1
2026-10-08 11:56:00+00:00,82542.6,82556.2,82523.1,82523.2,0.64342516,53109.815517899,1
2026-10-08 11:57:00+00:00,82523.1,82523.2,82501.3,82501.3,2.37016233,195563.25289491,1
2026-10-08 11:58:00+00:00,82500.1,82500.1,82486.0,82492.7,0.76478795,63089.727998248,1
2026-10-08 11:59:00+00:00,82493.6,82513.3,82493.5,82503.3,1.94064716,160105.384592741,1
2026-10-08 12:00:00+00:00,82503.3,82505.1,82478.1,82505.1,1.03632731,85482.213367109,1
2026-10-08 12:01:00+00:00,82505.1,82520.8,82458.7,82458.8,0.50404131,41573.066858825,1
2026-10-08 12:02:00+00:00,82458.7,82468.3,82352.6,82366.4,7.10949711,585851.65555703,1
2026-10-08 12:03:00+00:00,82364.5,82420.5,82359.5,82381.5,3.35933078,276741.230042483,1
2026-10-08 12:04:00+00:00,82381.4,82395.7,82345.0,82345.1,4.34527064,357915.827510518,1
2026-10-08 12:05:00+00:00,82345.1,82425.8,82335.0,82335.0,6.59607526,543393.395146817,1
2026-10-08 12:06:00+00:00,82335.1,82350.4,82228.6,82290.2,33.71431957,2774148.906284423,1
2026-10-08 12:07:00+00:00,82292.8,82387.1,82292.8,82361.4,5.93841486,488991.456097466,1
2026-10-08 12:08:00+00:00,82361.3,82453.1,82344.3,82438.5,2.84514219,234424.686822338,1
2026-10-08 12:09:00+00:00,82438.5,82453.8,82403.3,82403.3,3.86895721,318924.454785605,1
2026-10-08 12:10:00+00:00,82400.0,82405.7,82375.0,82384.8,3.62214953,298424.919783252,1
2026-10-08 12:11:00+00:00,82384.7,82384.7,82350.0,82376.3,2.79355049,230082.812658067,1
2026-10-08 12:12:00+00:00,82376.3,82432.9,82376.3,82423.3,2.67522219,220417.717423691,1
2026-10-08 12:13:00+00:00,82423.2,82458.8,82388.2,82388.2,3.72903837,307401.596722186,1
2026-10-08 12:14:00+00:00,82388.2,82434.4,82388.2,82408.7,0.52844737,43551.568710534,1
2026-10-08 12:15:00+00:00,82408.8,82445.0,82386.6,82445.0,3.9121105,322412.823874459,1
2026-10-08 12:16:00+00:00,82444.9,82463.9,82399.6,82458.5,2.03664217,167875.908456682,1
2026-10-08 12:17:00+00:00,82461.3,82466.5,82425.8,82425.8,0.63245013,52149.975873944,1
2026-10-08 12:18:00+00:00,82425.8,82425.8,82350.0,82373.1,6.57713862,541886.761750606,1
2026-10-08 12:19:00+00:00,82373.1,82442.5,82369.0,82442.5,0.83574888,68873.20024984,1
2026-10-08 12:20:00+00:00,82442.7,82486.4,82439.3,82439.3,2.90532943,239590.34635485,1
2026-10-08 12:21:00+00:00,82439.3,82468.3,82416.7,82427.3,0.65193563,53748.945289117,1
2026-10-08 12:22:00+00:00,82428.0,82469.3,82401.1,82469.3,1.12200145,92500.985421319,1
2026-10-08 12:23:00+00:00,82475.2,82500.0,82464.8,82486.4,1.77524859,146433.73488135,1
2026-10-08 12:24:00+00:00,82486.3,82490.5,82457.9,82458.0,0.70275771,57961.816260079,1
2026-10-08 12:25:00+00:00,82457.9,82485.9,82445.5,82452.9,9.04476911,745995.295125274,1
2026-10-08 12:26:00+00:00,82447.0,82447.1,82400.1,82400.1,0.7808952,64365.157197219,1
2026-10-08 12:27:00+00:00,82400.0,82434.0,82372.4,82433.9,1.83022033,150834.896580032,1
2026-10-08 12:28:00+00:00,82431.8,82467.6,82431.8,82444.3,1.71385559,141312.139462468,1
2026-10-08 12:29:00+00:00,82444.3,82481.0,82444.3,82481.0,1.29753003,106998.493801785,1
2026-10-08 12:30:00+00:00,82481.0,82481.0,82373.9,82373.9,3.48654657,287370.267846814,1
2026-10-08 12:31:00+00:00,82373.9,82435.7,82369.6,82435.7,2.55873352,210857.9406714,1
2026-10-08 12:32:00+00:00,82433.1,82433.1,82398.3,82398.3,1.50198936,123793.588325934,1
2026-10-08 12:33:00+00:00,82398.4,82416.4,82359.6,82396.0,1.62813031,134129.530083947,1
2026-10-08 12:34:00+00:00,82395.9,82396.0,82350.0,82350.1,1.55848459,128376.073107508,1
2026-10-08 12:35:00+00:00,82350.1,82390.0,82346.1,82362.7,2.98858326,246126.289593042,1
2026-10-08 12:36:00+00:00,82362.7,82400.9,82333.8,82400.9,1.9497591,160559.664855554,1
2026-10-08 12:37:00+00:00,82399.3,82399.3,82362.2,82387.0,1.36031846,112075.227329899,1
2026-10-08 12:38:00+00:00,82387.1,82389.8,82358.8,82362.8,1.44584095,119109.903590756,1
2026-10-08 12:39:00+00:00,82368.0,82391.2,82343.3,82355.6,2.33029314,191955.697015991,1
2026-10-08 12:40:00+00:00,82355.6,82400.0,82352.3,82384.5,3.16108043,260434.187151949,1
2026-10-08 12:41:00+00:00,82384.5,82384.6,82352.0,82366.6,3.97835247,327664.929034519,1
2026-10-08 12:42:00+00:00,82363.5,82391.8,82363.5,82384.7,0.93569848,77080.768175867,1
2026-10-08 12:43:00+00:00,82384.8,82418.8,82383.3,82390.0,3.04267028,250714.851318652,1
2026-10-08 12:44:00+00:00,82390.0,82390.0,82350.1,82350.1,2.36160429,194528.14189079,1
2026-10-08 12:45:00+00:00,82350.0,82350.1,82311.2,82311.2,8.31412847,684596.742932276,1
2026-10-08 12:46:00+00:00,82311.2,82324.0,82259.8,82264.8,5.33045476,438681.759921586,1
2026-10-08 12:47:00+00:00,82268.3,82287.4,82249.0,82257.3,3.66431589,301458.828813401,1
2026-10-08 12:48:00+00:00,82257.3,82277.8,82223.5,82233.5,9.20248173,756844.276945097,1
2026-10-08 12:49:00+00:00,82233.5,82257.9,82233.0,82241.5,7.12764584,586208.475295279,1
2026-10-08 12:50:00+00:00,82240.4,82332.1,81938.9,82332.1,206.57981507,16954748.44353849,1
2026-10-08 12:51:00+00:00,82332.1,82422.6,82298.3,82383.3,24.79479172,2041806.327772812,1
2026-10-08 12:52:00+00:00,82383.4,82390.2,82190.9,82210.0,11.74616769,966202.809149023,1
2026-10-08 12:53:00+00:00,82210.1,82356.3,82192.7,82345.2,10.60208332,872264.704074469,1
2026-10-08 12:54:00+00:00,82345.2,82353.6,82301.5,82304.3,2.00956223,165439.925279042,1
2026-10-08 12:55:00+00:00,82309.7,82373.8,82286.8,82313.4,4.0685108,334990.340005114,1
2026-10-08 12:56:00+00:00,82313.3,82337.6,82261.6,82273.8,4.43901528,365333.016162086,1
2026-10-08 12:57:00+00:00,82273.9,82312.4,82263.9,82299.1,1.83928302,151345.79550363,1
2026-10-08 12:58:00+00:00,82301.3,82345.0,82296.1,82319.4,7.88573669,649115.627264026,1
2026-10-08 12:59:00+00:00,82329.8,82335.9,82305.2,82321.7,3.90375175,321372.72497448,1
2026-10-08 13:00:00+00:00,82323.3,82336.2,82246.1,82273.2,4.07042294,335011.814588258,1
2026-10-08 13:01:00+00:00,82273.3,82290.7,82223.1,82223.8,5.36990493,441613.709954535,1
2026-10-08 13:02:00+00:00,82223.7,82240.7,82120.8,82217.0,13.30787864,1093782.630900578,1
2026-10-08 13:03:00+00:00,82217.0,82282.8,82200.8,82282.7,4.43726065,364920.660061749,1
2026-10-08 13:04:00+00:00,82280.8,82318.8,82228.6,82318.8,8.09025047,665415.395658336,1
2026-10-08 13:05:00+00:00,82318.8,82360.6,82308.9,82357.8,7.05097052,580541.900050332,1
2026-10-08 13:06:00+00:00,82357.8,82360.6,82307.2,82360.6,3.36031469,276708.056621653,1
2026-10-08 13:07:00+00:00,82360.5,82439.2,82360.5,82439.2,7.71124686,635398.454240057,1
2026-10-08 13:08:00+00:00,82439.2,82488.4,82429.3,82437.4,18.90418572,1558947.929114679,1
2026-10-08 13:09:00+00:00,82437.4,82455.6,82385.9,82414.7,6.02816954,496842.392893586,1
2026-10-08 13:10:00+00:00,82414.7,82471.8,82398.7,82471.7,4.49984788,370924.245872027,1
2026-10-08 13:11:00+00:00,82471.8,82507.4,82471.8,82507.4,5.22680885,431161.074265651,1
2026-10-08 13:12:00+00:00,82507.6,82530.3,82492.0,82497.1,4.57248092,377290.066612529,1
2026-10-08 13:13:00+00:00,82492.1,82530.2,82478.0,82500.2,4.88508162,403046.978260853,1
2026-10-08 13:14:00+00:00,82500.2,82504.7,82465.6,82482.8,1.64685473,135827.925644806,1
2026-10-08 13:15:00+00:00,82480.3,82508.3,82472.3,82474.3,2.22973676,183910.761132235,1
2026-10-08 13:16:00+00:00,82474.4,82529.0,82474.4,82511.8,2.73842397,225930.250448631,1
2026-10-08 13:17:00+00:00,82511.7,82593.0,82511.1,82593.0,25.78004916,2128329.829080738,1
2026-10-08 13:18:00+00:00,82592.9,82593.6,82558.1,82568.5,1.34203231,110828.911421469,1
2026-10-08 13:19:00+00:00,82568.4,82601.3,82565.5,82595.7,4.31970661,356736.167588978,1
2026-10-08 13:20:00+00:00,82595.4,82604.0,82584.0,82592.9,2.17202726,179411.304727078,1
2026-10-08 13:21:00+00:00,82592.9,82601.3,82566.1,82591.2,6.71178837,554337.001836933,1
2026-10-08 13:22:00+00:00,82591.2,82640.1,82565.3,82575.5,9.68739353,800247.478732659,1
2026-10-08 13:23:00+00:00,82574.4,82585.6,82504.1,82545.7,3.16240442,261031.606200577,1
2026-10-08 13:24:00+00:00,82542.3,82542.3,82488.8,82527.5,2.85817836,235829.916445671,1
2026-10-08 13:25:00+00:00,82527.4,82527.4,82484.7,82500.8,3.54640024,292557.311753637,1
2026-10-08 13:26:00+00:00,82500.9,82503.0,82451.7,82452.6,9.56878589,789219.784043438,1
2026-10-08 13:27:00+00:00,82450.0,82450.0,82409.0,82441.4,4.09551679,337613.883397667,1
2026-10-08 13:28:00+00:00,82441.4,82449.7,82410.7,82442.9,1.27768714,105309.169754246,1
2026-10-08 13:29:00+00:00,82442.8,82442.8,82360.0,82360.0,4.4773679,368926.020466843,1
2026-10-08 13:30:00+00:00,82359.9,82459.2,82337.9,82454.6,13.74880749,1132541.092994755,1
2026-10-08 13:31:00+00:00,82454.6,82503.5,82349.4,82349.4,9.92364357,818025.468418764,1
2026-10-08 13:32:00+00:00,82349.5,82426.4,82308.9,82324.5,8.9126074,734014.098958671,1
2026-10-08 13:33:00+00:00,82332.1,82354.9,82253.2,82253.2,13.04597455,1073650.060919452,1
2026-10-08 13:34:00+00:00,82253.3,82322.6,82240.0,82301.9,13.21725453,1087180.308628213,1
2026-10-08 13:35:00+00:00,82301.9,82301.9,82240.1,82265.4,13.56816667,1116208.588921016,1
2026-10-08 13:36:00+00:00,82265.4,82265.5,82207.0,82245.0,6.17969444,508184.902567063,1
2026-10-08 13:37:00+00:00,82245.5,82254.0,82125.1,82156.0,15.69223601,1289647.396994915,1
2026-10-08 13:38:00+00:00,82155.9,82172.2,82074.0,82111.1,35.87714108,2945621.449040357,1
2026-10-08 13:39:00+00:00,82109.5,82158.9,82075.0,82114.9,6.66691389,547393.17813182,1
2026-10-08 13:40:00+00:00,82114.8,82118.1,81993.1,82072.6,21.00969851,1723810.621284298,1
2026-10-08 13:41:00+00:00,82072.7,82131.6,82018.4,82056.0,13.09742213,1075118.298340987,1
2026-10-08 13:42:00+00:00,82056.0,82056.0,81752.7,81799.5,97.15629245,7952638.197931282,1
2026-10-08 13:43:00+00:00,81799.6,82095.5,81771.4,82092.9,33.68592859,2759660.310444966,1
2026-10-08 13:44:00+00:00,82092.8,82116.5,82025.4,82039.5,14.98548371,1229860.050909395,1
2026-10-08 13:45:00+00:00,82039.4,82039.4,81801.4,81860.7,24.79823765,2030710.701248538,1
2026-10-08 13:46:00+00:00,81860.6,81999.9,81856.6,81895.5,35.46063125,2904226.3788759,1
2026-10-08 13:47:00+00:00,81895.6,81958.5,81839.0,81927.0,69.35548222,5679987.482200886,1
2026-10-08 13:48:00+00:00,81925.0,82000.0,81900.0,81982.9,11.51774047,943829.183427587,1
2026-10-08 13:49:00+00:00,81983.0,82124.6,81973.2,82124.6,19.12987328,1569099.62854748,1
2026-10-08 13:50:00+00:00,82125.0,82212.1,82089.1,82212.1,36.22798949,2975526.174590924,1
2026-10-08 13:51:00+00:00,82212.7,82231.3,82122.1,82130.3,6.89498049,566696.625367201,1
2026-10-08 13:52:00+00:00,82130.2,82170.3,82101.9,82130.2,8.90654581,731489.84975056,1
2026-10-08 13:53:00+00:00,82130.3,82222.2,82100.0,82142.5,5.22436031,429212.737459085,1
2026-10-08 13:54:00+00:00,82142.4,82158.6,82073.2,82073.2,9.84706236,808814.356264745,1
2026-10-08 13:55:00+00:00,82073.2,82126.5,82060.0,82119.8,5.23026601,429406.179823915,1
2026-10-08 13:56:00+00:00,82121.5,82127.6,82007.6,82011.9,8.27569325,679115.570312567,1
2026-10-08 13:57:00+00:00,82011.9,82082.7,81991.1,82052.5,11.0512261,906463.40842753,1
2026-10-08 13:58:00+00:00,82048.5,82127.6,82046.1,82127.5,4.12679382,338816.233487816,1
2026-10-08 13:59:00+00:00,82127.6,82221.0,82127.6,82174.5,14.55313406,1196035.999786228,1
2026-10-08 14:00:00+00:00,82174.5,82273.9,82127.6,82233.7,18.11195189,1489085.5633812,1
2026-10-08 14:01:00+00:00,82233.6,82254.7,82127.5,82223.1,7.1465281,587358.125513541,1
2026-10-08 14:02:00+00:00,82223.1,82251.0,82186.1,82231.3,7.89452375,648992.985147823,1
2026-10-08 14:03:00+00:00,82231.3,82240.2,82205.0,82213.1,2.41860097,198854.523267176,1
2026-10-08 14:04:00+00:00,82213.2,82307.6,82207.4,82286.6,6.6136697,544040.05813034,1
2026-10-08 14:05:00+00:00,82286.6,82380.1,82282.1,82379.6,23.77397103,1957485.014123362,1
2026-10-08 14:06:00+00:00,82379.6,82479.9,82358.9,82445.7,12.59107606,1037626.327719512,1
2026-10-08 14:07:00+00:00,82445.6,82472.4,82345.2,82393.1,12.79009128,1053926.664422616,1
2026-10-08 14:08:00+00:00,82389.7,82397.2,82324.4,82324.4,4.8658236,400787.649031721,1
2026-10-08 14:09:00+00:00,82324.3,82419.1,82310.6,82419.1,4.77486686,393245.904297865,1
2026-10-08 14:10:00+00:00,82419.1,82480.0,82419.1,82479.9,17.95158494,1480186.28600096,1
2026-10-08 14:11:00+00:00,82479.9,82563.0,82479.9,82563.0,27.42280972,2262780.980035512,1
2026-10-08 14:12:00+00:00,82563.1,82612.9,82508.3,82612.9,18.74412199,1548041.232859411,1
2026-10-08 14:13:00+00:00,82612.8,82613.0,82502.9,82522.7,7.1670309,591671.203100992,1
2026-10-08 14:14:00+00:00,82522.6,82576.4,82504.4,82544.7,8.13597329,671550.359368543,1
2026-10-08 14:15:00+00:00,82544.6,82601.1,82526.6,82529.7,7.32318705,604617.230065798,1
2026-10-08 14:16:00+00:00,82529.7,82529.7,82489.7,82508.3,3.97991612,328363.631057433,1
2026-10-08 14:17:00+00:00,82508.3,82511.9,82442.3,82504.2,3.28502303,270907.878708389,1
2026-10-08 14:18:00+00:00,82504.2,82550.9,82504.1,82536.3,3.36774461,277933.541002828,1
2026-10-08 14:19:00+00:00,82536.2,82583.2,82523.1,82560.6,2.46778616,203719.345897282,1
2026-10-08 14:20:00+00:00,82567.3,82681.2,82567.3,82675.5,8.63075424,713232.047237595,1
2026-10-08 14:21:00+00:00,82681.2,82721.9,82601.1,82651.9,18.04540585,1491988.27369089,1
2026-10-08 14:22:00+00:00,82651.9,82714.2,82620.1,82664.2,9.3486095,772692.531987958,1
2026-10-08 14:23:00+00:00,82664.2,82664.2,82575.7,82606.8,15.58922194,1287856.269856815,1
2026-10-08 14:24:00+00:00,82606.8,82618.7,82487.4,82518.1,17.15490745,1416244.345314369,1
2026-10-08 14:25:00+00:00,82522.3,82585.2,82513.5,82563.3,4.20537688,347177.921838464,1
2026-10-08 14:26:00+00:00,82563.3,82616.6,82563.3,82616.5,1.19787115,98925.358559361,1
2026-10-08 14:27:00+00:00,82616.5,82629.3,82592.0,82592.0,1.8431681,152278.521653369,1
2026-10-08 14:28:00+00:00,82592.0,82693.6,82570.3,82686.1,4.59736402,379845.643160761,1
2026-10-08 14:29:00+00:00,82686.1,82748.1,82686.1,82726.0,11.62070326,961327.6177609,1
2026-10-08 14:30:00+00:00,82726.0,82726.0,82649.9,82668.1,7.04163707,582200.685805148,1
2026-10-08 14:31:00+00:00,82668.1,82675.8,82610.6,82675.7,24.27251261,2006111.086410038,1
2026-10-08 14:32:00+00:00,82675.7,82689.7,82645.6,82687.3,4.51292202,373048.18189963,1
2026-10-08 14:33:00+00:00,82683.9,82724.9,82662.6,82716.7,3.7439087,309579.500239822,1
2026-10-08 14:34:00+00:00,82716.7,82781.2,82705.1,82708.8,6.61971846,547705.163807052,1
2026-10-08 14:35:00+00:00,82708.7,82716.4,82606.6,82615.0,4.71355076,389629.876340128,1
2026-10-08 14:36:00+00:00,82615.0,82647.0,82606.6,82606.6,2.68593599,221907.669066009,1
2026-10-08 14:37:00+00:00,82606.6,82640.6,82586.1,82602.5,2.1084049,174169.134882594,1
2026-10-08 14:38:00+00:00,82607.5,82618.4,82582.5,82582.5,2.32952919,192409.684690159,1
2026-10-08 14:39:00+00:00,82582.5,82582.6,82539.4,82557.0,3.87554181,319984.431689065,1
2026-10-08 14:40:00+00:00,82557.7,82618.3,82557.7,82567.8,4.38463716,362120.66370789,1
2026-10-08 14:41:00+00:00,82567.8,82587.1,82542.9,82581.7,3.14287398,259501.802794008,1
2026-10-08 14:42:00+00:00,82581.6,82620.9,82581.6,82595.6,1.65657927,136841.713482201,1
2026-10-08 14:43:00+00:00,82595.7,82603.8,82519.0,82519.1,1.96793435,162422.40315129,1
2026-10-08 14:44:00+00:00,82519.0,82579.3,82517.3,82561.2,4.09933116,338358.310343509,1
2026-10-08 14:45:00+00:00,82561.2,82610.7,82553.0,82610.6,2.01289739,166208.226889785,1
2026-10-08 14:46:00+00:00,82610.6,82635.5,82578.9,82604.2,4.02060032,332141.896758187,1
2026-10-08 14:47:00+00:00,82604.1,82681.9,82601.2,82650.8,3.35611724,277391.844296079,1
2026-10-08 14:48:00+00:00,82649.8,82667.4,82617.8,82667.3,3.81680482,315435.086144116,1
2026-10-08 14:49:00+00:00,82667.2,82681.9,82649.1,82678.5,1.5851628,131045.789979093,1
2026-10-08 14:50:00+00:00,82681.9,82707.6,82667.3,82704.1,3.01806602,249564.829276611,1
2026-10-08 14:51:00+00:00,82704.1,82707.6,82669.9,82699.7,2.83804378,234694.539518086,1
2026-10-08 14:52:00+00:00,82699.6,82730.3,82679.1,82683.4,5.7745278,477619.901332338,1
2026-10-08 14:53:00+00:00,82683.3,82683.3,82607.0,82638.5,2.77346665,229225.142536391,1
2026-10-08 14:54:00+00:00,82638.5,82649.4,82576.9,82621.9,8.77859704,725117.645957693,1
2026-10-08 14:55:00+00:00,82621.9,82685.1,82605.5,82660.0,1.73650852,143536.172311365,1
2026-10-08 14:56:00+00:00,82672.6,82719.2,82654.8,82654.8,3.63647314,300740.87306847,1
2026-10-08 14:57:00+00:00,82654.9,82691.2,82645.0,82688.3,1.37214223,113428.196257738,1
2026-10-08 14:58:00+00:00,82688.3,82779.5,82688.3,82779.4,3.91222424,323740.923047948,1
2026-10-08 14:59:00+00:00,82779.4,82779.5,82695.9,82697.7,3.32571922,275160.021583398,1
2026-10-08 15:00:00+00:00,82697.6,82697.6,82666.0,82666.0,2.01977286,166998.099270332,1
2026-10-08 15:01:00+00:00,82666.1,82671.8,82617.1,82617.2,3.10849805,256928.424375362,1
2026-10-08 15:02:00+00:00,82617.2,82631.3,82582.5,82586.6,1.49393015,123414.238177871,1
2026-10-08 15:03:00+00:00,82586.6,82595.8,82532.9,82543.4,4.30388099,355356.020248798,1
2026-10-08 15:04:00+00:00,82543.5,82558.6,82494.0,82495.0,5.62788696,464391.597520141,1
2026-10-08 15:05:00+00:00,82495.3,82495.3,82393.7,82434.5,14.82079572,1221894.744844976,1
2026-10-08 15:06:00+00:00,82434.5,82520.1,82420.6,82455.6,72.29136484,5963423.057060291,1
2026-10-08 15:07:00+00:00,82455.5,82489.5,82421.2,82427.5,1.33704559,110248.207998269,1
2026-10-08 15:08:00+00:00,82431.6,82473.4,82370.5,82390.1,8.52267697,702323.798951116,1
2026-10-08 15:09:00+00:00,82390.0,82450.9,82388.2,82391.0,2.84356963,234361.989894108,1
2026-10-08 15:10:00+00:00,82391.0,82424.4,82350.0,82350.0,3.77995377,311404.913331923,1
2026-10-08 15:11:00+00:00,82350.0,82350.1,82294.1,82335.9,6.0229368,495830.611413826,1
2026-10-08 15:12:00+00:00,82336.0,82369.9,82300.1,82304.8,7.27886529,599266.745988809,1
2026-10-08 15:13:00+00:00,82307.2,82312.9,82272.8,82297.2,1.69867812,139786.403326931,1
2026-10-08 15:14:00+00:00,82300.6,82300.6,82164.8,82166.3,21.73020023,1786450.008574824,1
2026-10-08 15:15:00+00:00,82164.9,82210.0,82115.4,82170.5,13.49832987,1109050.860280168,1
2026-10-08 15:16:00+00:00,82170.0,82231.6,82082.0,82099.7,7.40049129,607962.279640439,1
2026-10-08 15:17:00+00:00,82099.7,82161.3,82064.0,82098.8,6.38011625,523763.530615465,1
2026-10-08 15:18:00+00:00,82098.8,82160.4,82000.0,82004.3,19.11711085,1568842.008270475,1
2026-10-08 15:19:00+00:00,82000.0,82000.1,81891.3,82000.1,20.49349816,1679553.450025207,1
2026-10-08 15:20:00+00:00,82000.1,82071.0,81600.0,81668.2,97.01987755,7928266.756462875,1
2026-10-08 15:21:00+00:00,81668.1,81900.0,81632.9,81794.0,37.76934904,3089152.512578114,1
2026-10-08 15:22:00+00:00,81793.9,81821.0,81636.7,81652.6,34.20582828,2794794.972282865,1
2026-10-08 15:23:00+00:00,81652.6,81775.1,81347.0,81760.2,145.01821227,11820665.23621894,1
2026-10-08 15:24:00+00:00,81760.1,81763.6,81521.7,81556.3,29.89297835,2440179.557538934,1
2026-10-08 15:25:00+00:00,81556.3,81703.7,81460.7,81463.6,29.50080998,2406692.972518731,1
2026-10-08 15:26:00+00:00,81468.3,81531.9,81372.4,81481.9,20.19395365,1644378.478372407,1
2026-10-08 15:27:00+00:00,81481.8,81581.6,81409.6,81501.8,25.46443668,2074460.978957772,1
2026-10-08 15:28:00+00:00,81501.9,81581.6,81441.3,81441.4,12.52245234,1020558.41928057,1
2026-10-08 15:29:00+00:00,81443.6,81458.0,81284.7,81363.4,51.57451729,4195747.1136126,1
2026-10-08 15:30:00+00:00,81362.8,81458.5,81284.7,81404.8,21.81377457,1774899.218808716,1
2026-10-08 15:31:00+00:00,81404.9,81478.1,81303.0,81303.1,23.33023038,1899010.419887177,1
2026-10-08 15:32:00+00:00,81303.0,81524.0,81222.6,81524.0,31.85737068,2590688.159101149,1
2026-10-08 15:33:00+00:00,81523.9,81541.0,81352.1,81363.6,11.70101928,953209.057783313,1
2026-10-08 15:34:00+00:00,81359.0,81360.1,81205.2,81220.8,34.16049879,2776787.991901611,1
2026-10-08 15:35:00+00:00,81220.7,81283.4,81070.0,81104.6,48.75899234,3956834.51830572,1
2026-10-08 15:36:00+00:00,81104.7,81287.4,81075.3,81191.0,40.26329041,3269340.949403269,1
2026-10-08 15:37:00+00:00,81191.0,81207.3,80905.8,80989.8,88.41393896,7165201.729108168,1
2026-10-08 15:38:00+00:00,80989.8,81250.0,80978.3,81231.8,45.94714598,3725880.295459703,1
2026-10-08 15:39:00+00:00,81231.7,81313.9,81177.1,81313.8,21.60407543,1755096.791426754,1
2026-10-08 15:40:00+00:00,81310.4,81333.0,81159.1,81187.1,29.5830737,2404576.004335817,1
2026-10-08 15:41:00+00:00,81187.1,81252.2,81150.0,81225.1,11.25137103,913652.63524565,1
2026-10-08 15:42:00+00:00,81225.1,81261.2,81134.1,81188.1,18.88955163,1533432.054365468,1
2026-10-08 15:43:00+00:00,81188.1,81240.8,81181.6,81219.2,9.41082532,764174.923963427,1
2026-10-08 15:44:00+00:00,81219.3,81267.3,81203.8,81244.3,17.97297298,1460139.947074883,1
2026-10-08 15:45:00+00:00,81238.2,81370.5,81233.4,81233.6,12.71987645,1034083.649359917,1
2026-10-08 15:46:00+00:00,81233.7,81249.6,81166.7,81235.6,24.34844016,1977275.128077172,1
2026-10-08 15:47:00+00:00,81235.5,81315.9,81186.0,81311.1,9.75447905,792525.839327173,1
2026-10-08 15:48:00+00:00,81311.1,81367.5,81239.5,81321.4,30.17305479,2453749.558305927,1
2026-10-08 15:49:00+00:00,81321.3,81449.1,81298.5,81444.1,36.31148198,2953844.145135334,1
2026-10-08 15:50:00+00:00,81444.0,81531.9,81431.9,81531.8,23.31905443,1900082.249992984,1
2026-10-08 15:51:00+00:00,81531.8,81541.0,81459.8,81459.8,19.73298449,1608114.676672009,1
2026-10-08 15:52:00+00:00,81459.8,81470.6,81366.5,81377.3,8.36943529,681320.45720684,1
2026-10-08 15:53:00+00:00,81377.3,81377.3,81229.7,81229.8,9.37938983,762726.821539332,1
2026-10-08 15:54:00+00:00,81229.8,81250.1,81186.6,81187.0,19.84106301,1611260.729465193,1
2026-10-08 15:55:00+00:00,81187.0,81302.9,81135.2,81135.2,15.67031399,1273034.557010545,1
2026-10-08 15:56:00+00:00,81135.1,81178.3,81026.1,81038.0,30.83313637,2500574.530749661,1
2026-10-08 15:57:00+00:00,81038.7,81111.4,81024.3,81088.8,19.84904047,1609038.00015109,1
2026-10-08 15:58:00+00:00,81088.8,81110.0,81021.3,81021.3,4.37853043,354936.827578912,1
2026-10-08 15:59:00+00:00,81021.3,81069.6,81000.0,81031.3,11.26681475,913006.884559356,1
2026-10-08 16:00:00+00:00,81035.3,81158.9,81001.0,81089.2,17.08128442,1384957.577807154,1
2026-10-08 16:01:00+00:00,81089.3,81109.9,80907.8,81068.2,33.10602172,2680711.447026931,1
2026-10-08 16:02:00+00:00,81070.2,81140.5,80909.2,81140.5,27.62285431,2238057.434174116,1
2026-10-08 16:03:00+00:00,81140.5,81205.5,81059.8,81068.6,18.5731173,1506675.366763367,1
2026-10-08 16:04:00+00:00,81068.5,81123.8,81006.1,81063.0,7.54160692,611236.797200115,1
2026-10-08 16:05:00+00:00,81063.0,81116.5,81004.3,81011.3,21.61781687,1752130.904818714,1
2026-10-08 16:06:00+00:00,81013.9,81040.5,80928.5,80957.3,20.53574135,1662797.643904605,1
2026-10-08 16:07:00+00:00,80951.1,81057.5,80799.9,81032.2,84.89068115,6870722.468561443,1
2026-10-08 16:08:00+00:00,81032.6,81121.7,80982.4,81118.1,21.46644416,1740719.436289174,1
2026-10-08 16:09:00+00:00,81112.6,81161.1,81043.7,81137.8,34.47279468,2797088.593457405,1
2026-10-08 16:10:00+00:00,81145.8,81290.3,81145.8,81241.8,29.23525991,2374172.120439625,1
2026-10-08 16:11:00+00:00,81241.9,81245.9,81142.5,81142.5,26.2471989,2131176.381800502,1
2026-10-08 16:12:00+00:00,81142.5,81146.5,81056.0,81074.6,20.93617377,1697496.448412281,1
2026-10-08 16:13:00+00:00,81074.6,81140.4,81046.1,81069.7,32.61517817,2644717.149331535,1
2026-10-08 16:14:00+00:00,81069.4,81069.4,81011.7,81022.7,20.99685861,1701546.861341532,1
2026-10-08 16:15:00+00:00,81022.7,81057.1,80980.0,81048.1,22.73242659,1841375.516777877,1
2026-10-08 16:16:00+00:00,81048.1,81055.0,80953.5,80953.6,9.0670549,734720.611181633,1
2026-10-08 16:17:00+00:00,80953.6,81371.1,80940.6,81277.3,70.64914643,5735007.083354325,1
2026-10-08 16:18:00+00:00,81277.4,81434.8,81222.8,81420.0,27.08217663,2202539.491195707,1
2026-10-08 16:19:00+00:00,81416.2,81434.9,81341.6,81349.9,22.8889154,1863068.171605367,1
2026-10-08 16:20:00+00:00,81350.0,81450.0,81255.3,81443.0,15.22419131,1238701.456605899,1
2026-10-08 16:21:00+00:00,81450.0,81450.0,81358.2,81396.5,7.95407731,647414.890797375,1
2026-10-08 16:22:00+00:00,81396.4,81396.4,81320.6,81324.8,5.2281827,425318.724414286,1
