event_timestamp,event_type,importance,release_candle_timestamp,release_price,pre_price_15m,pre_return_15m_pct,pre_price_30m,pre_return_30m_pct,price_1m,return_1m_pct,direction_1m,timestamp_1m,price_5m,return_5m_pct,direction_5m,timestamp_5m,price_10m,return_10m_pct,direction_10m,timestamp_10m,price_15m,return_15m_pct,direction_15m,timestamp_15m,price_20m,return_20m_pct,direction_20m,timestamp_20m,price_30m,return_30m_pct,direction_30m,timestamp_30m,price_45m,return_45m_pct,direction_45m,timestamp_45m,price_60m,return_60m_pct,direction_60m,timestamp_60m,max_favorable_up_60m_pct,max_adverse_down_60m_pct,max_abs_move_60m_pct,recovery_5m_to_15m_pct,recovery_15m_to_30m_pct,recovery_20m_to_45m_pct,release_to_15m_pct,release_to_30m_pct,release_to_45m_pct,event_timestamp_myt,timestamps,close,ema_20,ema_50,ema_200,rsi_14,relative_volume,return_5m,return_15m,return_1h,volatility_20,distance_ema_20,distance_ema_50,distance_ema_200,context_5m,shock_type,recovery_candidate,directional_15m_pct,net_15m_pct,directional_30m_pct,net_30m_pct,directional_45m_pct,net_45m_pct,directional_60m_pct,net_60m_pct
2025-02-07 13:30:00+00:00,Nonfarm Payrolls,high,2025-02-07 13:30:00+00:00,97698.9,97683.4,0.0158675885564951,97976.0,-0.2828243651506579,97769.6,0.0723651955139903,UP,2025-02-07 13:31:00+00:00,97655.6,-0.0443198439286307,DOWN,2025-02-07 13:35:00+00:00,98479.9,0.7993948754796643,UP,2025-02-07 13:40:00+00:00,98338.0,0.6541527079629406,UP,2025-02-07 13:45:00+00:00,98692.1,1.0165928173193397,UP,2025-02-07 13:50:00+00:00,98918.8,1.2486322773337388,UP,2025-02-07 14:00:00+00:00,99742.0,2.0912210884667104,UP,2025-02-07 14:15:00+00:00,99488.8,1.8320574745468,UP,2025-02-07 14:30:00+00:00,2.343015120948144,-0.546474934722907,2.343015120948144,0.698782251094654,0.5906160385608761,1.0638136183139135,0.6541527079629406,1.2486322773337388,2.0912210884667104,2025-02-07 21:30:00 +08,,,,,,,,,,,,,,,UNKNOWN,SMALL_MOVE,NO,,,,,,,,
2025-02-12 13:30:00+00:00,CPI,high,2025-02-12 13:30:00+00:00,96507.7,96071.9,0.4536185919087776,95945.9,0.5855383085676458,95093.5,-1.4653753016598658,DOWN,2025-02-12 13:31:00+00:00,94616.8,-1.9593255253207764,DOWN,2025-02-12 13:35:00+00:00,94223.6,-2.366754155367901,DOWN,2025-02-12 13:40:00+00:00,94751.3,-1.8199584074638508,DOWN,2025-02-12 13:45:00+00:00,94764.0,-1.806798835740564,DOWN,2025-02-12 13:50:00+00:00,94823.6,-1.7450421054485687,DOWN,2025-02-12 14:00:00+00:00,94922.9,-1.6421487611869343,DOWN,2025-02-12 14:15:00+00:00,94524.0,-2.055483655708301,DOWN,2025-02-12 14:30:00+00:00,0.0989558346121688,-2.576374734865705,2.576374734865705,0.1421523450380934,0.0763050216725291,0.1676797095943483,-1.8199584074638508,-1.7450421054485687,-1.6421487611869343,2025-02-12 21:30:00 +08,,,,,,,,,,,,,,,UNKNOWN,DOWNSIDE_SHOCK,NO,,,,,,,,
2025-03-07 13:30:00+00:00,Nonfarm Payrolls,high,2025-03-07 13:30:00+00:00,89417.9,89338.9,0.0884273256106737,89012.5,0.4554416514534365,89910.5,0.5508964088845714,UP,2025-03-07 13:31:00+00:00,89760.1,0.3826974241175618,UP,2025-03-07 13:35:00+00:00,89995.8,0.6462911788355674,UP,2025-03-07 13:40:00+00:00,90114.0,0.7784794767043302,UP,2025-03-07 13:45:00+00:00,89833.1,0.4643365590111248,UP,2025-03-07 13:50:00+00:00,89404.8,-0.0146503105082906,DOWN,2025-03-07 14:00:00+00:00,89481.9,0.0715740360710759,UP,2025-03-07 14:15:00+00:00,89082.7,-0.3748690139222632,DOWN,2025-03-07 14:30:00+00:00,1.0504608137744231,-0.7216675855728938,1.0504608137744231,0.3942731792856646,-0.7870031293694568,-0.390947212107795,0.7784794767043302,-0.0146503105082906,0.0715740360710759,2025-03-07 21:30:00 +08,,,,,,,,,,,,,,,UNKNOWN,UPSIDE_SHOCK,NO,,,,,,,,
2025-03-12 12:30:00+00:00,CPI,high,2025-03-12 12:30:00+00:00,83350.1,83016.2,0.4022106528605462,83037.7,0.3762146591247184,84240.1,1.0677851616254896,UP,2025-03-12 12:31:00+00:00,83990.0,0.7677255336226319,UP,2025-03-12 12:35:00+00:00,83517.6,0.2009595669351327,UP,2025-03-12 12:40:00+00:00,83578.1,0.2735449627534914,UP,2025-03-12 12:45:00+00:00,83783.6,0.5200953568142097,UP,2025-03-12 12:50:00+00:00,84166.1,0.9790030245914628,UP,2025-03-12 13:00:00+00:00,83701.1,0.4211152716073529,UP,2025-03-12 13:15:00+00:00,83365.1,0.0179963791285153,UP,2025-03-12 13:30:00+00:00,1.3784026653837156,-0.1800837671460553,1.3784026653837156,-0.4904155256578058,0.7035335811653942,-0.0984679579297154,0.2735449627534914,0.9790030245914628,0.4211152716073529,2025-03-12 20:30:00 +08,,,,,,,,,,,,,,,UNKNOWN,UPSIDE_SHOCK,SHORT_REJECTION,-0.2735449627534914,-0.4135449627534914,-0.9790030245914628,-1.1190030245914628,-0.4211152716073529,-0.5611152716073529,-0.0179963791285153,-0.15799637912851527
2025-04-04 12:30:00+00:00,Nonfarm Payrolls,high,2025-04-04 12:30:00+00:00,82498.0,82490.0,0.0096981452297306,82511.9,-0.0168460549326732,82789.2,0.3529782540182768,UP,2025-04-04 12:31:00+00:00,82867.9,0.448374506048621,UP,2025-04-04 12:35:00+00:00,82580.0,0.0993963490024008,UP,2025-04-04 12:40:00+00:00,82684.6,0.2261873015103388,UP,2025-04-04 12:45:00+00:00,82668.1,0.2061868166501002,UP,2025-04-04 12:50:00+00:00,82914.0,0.5042546485975352,UP,2025-04-04 13:00:00+00:00,82976.0,0.5794079856481282,UP,2025-04-04 13:15:00+00:00,82799.5,0.3654634051734495,UP,2025-04-04 13:30:00+00:00,1.001600038788819,-0.166185846929634,1.001600038788819,-0.221195420663478,0.2774398134598232,0.3724532195610974,0.2261873015103388,0.5042546485975352,0.5794079856481282,2025-04-04 20:30:00 +08,,,,,,,,,,,,,,,UNKNOWN,UPSIDE_SHOCK,SHORT_REJECTION,-0.2261873015103388,-0.3661873015103388,-0.5042546485975352,-0.6442546485975352,-0.5794079856481282,-0.7194079856481282,-0.3654634051734495,-0.5054634051734495
2025-04-10 12:30:00+00:00,CPI,high,2025-04-10 12:30:00+00:00,82004.0,81630.0,0.4581648903589475,81794.4,0.2562522617685303,82211.4,0.2529144919759973,UP,2025-04-10 12:31:00+00:00,81938.1,-0.0803619335642102,DOWN,2025-04-10 12:35:00+00:00,81871.5,-0.161577484025166,DOWN,2025-04-10 12:40:00+00:00,81814.0,-0.2316960148285418,DOWN,2025-04-10 12:45:00+00:00,81473.1,-0.6474074435393273,DOWN,2025-04-10 12:50:00+00:00,81706.5,-0.3627871811131111,DOWN,2025-04-10 13:00:00+00:00,81500.1,-0.6144822203794864,DOWN,2025-04-10 13:15:00+00:00,81847.6,-0.1907224037851707,DOWN,2025-04-10 13:30:00+00:00,0.631432613043259,-0.6650895078288754,0.6650895078288754,-0.1514557940689442,-0.1313956046642417,0.0331397725138682,-0.2316960148285418,-0.3627871811131111,-0.6144822203794864,2025-04-10 20:30:00 +08,,,,,,,,,,,,,,,UNKNOWN,SMALL_MOVE,NO,,,,,,,,
2025-05-02 12:30:00+00:00,Nonfarm Payrolls,high,2025-05-02 12:30:00+00:00,96794.0,96819.9,-0.0267506989781951,96899.9,-0.1092880384809369,97006.5,0.2195384011405732,UP,2025-05-02 12:31:00+00:00,96784.0,-0.010331218877202,DOWN,2025-05-02 12:35:00+00:00,96871.3,0.0798603219207771,UP,2025-05-02 12:40:00+00:00,97014.9,0.2282166249974127,UP,2025-05-02 12:45:00+00:00,97037.8,0.2518751162262189,UP,2025-05-02 12:50:00+00:00,97189.0,0.4080831456495293,UP,2025-05-02 13:00:00+00:00,96835.9,0.0432878070954823,UP,2025-05-02 13:15:00+00:00,96933.8,0.1444304399033091,UP,2025-05-02 13:30:00+00:00,0.490836208855927,-0.1487695518317289,0.490836208855927,0.2385724913208653,0.1794569700118264,-0.208063249579038,0.2282166249974127,0.4080831456495293,0.0432878070954823,2025-05-02 20:30:00 +08,,,,,,,,,,,,,,,UNKNOWN,SMALL_MOVE,NO,,,,,,,,
2025-05-13 12:30:00+00:00,CPI,high,2025-05-13 12:30:00+00:00,103555.7,103568.1,-0.0119727985740891,103748.5,-0.1858340120580059,103572.1,0.0158368877811732,UP,2025-05-13 12:31:00+00:00,103872.7,0.3061154528432475,UP,2025-05-13 12:35:00+00:00,103940.0,0.3711046325793887,UP,2025-05-13 12:40:00+00:00,103701.7,0.1409869278079289,UP,2025-05-13 12:45:00+00:00,103757.9,0.1952572383751016,UP,2025-05-13 12:50:00+00:00,103718.0,0.1567272492001947,UP,2025-05-13 13:00:00+00:00,103677.1,0.1172315961361913,UP,2025-05-13 13:15:00+00:00,103755.2,0.1926499458745345,UP,2025-05-13 13:30:00+00:00,0.4173599328670452,-0.2276069786597889,0.4173599328670452,-0.1646245837452986,0.0157181608401835,-0.0778735884207293,0.1409869278079289,0.1567272492001947,0.1172315961361913,2025-05-13 20:30:00 +08,,,,,,,,,,,,,,,UNKNOWN,UPSIDE_SHOCK,NO,,,,,,,,
2025-06-06 12:30:00+00:00,Unemployment Rate,high,2025-06-06 12:30:00+00:00,103854.6,103910.7,-0.0539886652673793,104015.7,-0.154880465160534,104083.3,0.2202117190764685,UP,2025-06-06 12:31:00+00:00,104127.5,0.2627712205333088,UP,2025-06-06 12:35:00+00:00,103944.6,0.086659618351037,UP,2025-06-06 12:40:00+00:00,103895.7,0.0395745590469731,UP,2025-06-06 12:45:00+00:00,103857.1,0.0024072116208584,UP,2025-06-06 12:50:00+00:00,103846.5,-0.0077993656515951,DOWN,2025-06-06 13:00:00+00:00,103977.9,0.1187236771409194,UP,2025-06-06 13:15:00+00:00,103934.8,0.0772233487972506,UP,2025-06-06 13:30:00+00:00,0.4294465531618163,-0.3349875691591952,0.4294465531618163,-0.2226117019999529,-0.0473551840932784,0.1163136656039842,0.0395745590469731,-0.0077993656515951,0.1187236771409194,2025-06-06 20:30:00 +08,,,,,,,,,,,,,,,UNKNOWN,UPSIDE_SHOCK,SHORT_REJECTION,-0.0395745590469731,-0.1795745590469731,0.0077993656515951,-0.1322006343484049,-0.1187236771409194,-0.2587236771409194,-0.0772233487972506,-0.21722334879725058
2025-06-11 12:30:00+00:00,CPI,high,2025-06-11 12:30:00+00:00,109280.0,109337.7,-0.0527722825704235,109238.7,0.0378071141454494,109831.7,0.5048499267935602,UP,2025-06-11 12:31:00+00:00,109696.6,0.3812225475841924,UP,2025-06-11 12:35:00+00:00,109620.0,0.3111273792093749,UP,2025-06-11 12:40:00+00:00,109732.3,0.4138909224011833,UP,2025-06-11 12:45:00+00:00,109627.9,0.3183565153733525,UP,2025-06-11 12:50:00+00:00,109689.6,0.374816983894588,UP,2025-06-11 13:00:00+00:00,109613.3,0.3049963396778876,UP,2025-06-11 13:15:00+00:00,109754.9,0.4345717423133166,UP,2025-06-11 13:30:00+00:00,0.5997437774523995,0.0,0.5997437774523995,0.0325443085747334,-0.0389128816219108,-0.0133177776824977,0.4138909224011833,0.374816983894588,0.3049963396778876,2025-06-11 20:30:00 +08,,,,,,,,,,,,,,,UNKNOWN,UPSIDE_SHOCK,NO,,,,,,,,
2025-07-03 12:30:00+00:00,Nonfarm Payrolls,high,2025-07-03 12:30:00+00:00,109619.5,109554.1,0.0596965334934918,109571.9,0.0434417948397491,109584.0,-0.0323847490638073,DOWN,2025-07-03 12:31:00+00:00,109343.5,-0.2517800208904464,DOWN,2025-07-03 12:35:00+00:00,109053.3,-0.5165139414064046,DOWN,2025-07-03 12:40:00+00:00,108859.5,-0.693307303901225,DOWN,2025-07-03 12:45:00+00:00,108936.0,-0.6235204502848535,DOWN,2025-07-03 12:50:00+00:00,109204.0,-0.3790384010144199,DOWN,2025-07-03 13:00:00+00:00,109322.0,-0.2713933196192286,DOWN,2025-07-03 13:15:00+00:00,109502.0,-0.1071889581689355,DOWN,2025-07-03 13:30:00+00:00,0.2885435529262681,-0.785900318830135,0.785900318830135,-0.4426417665430504,0.3164629637284699,0.3543364911507751,-0.693307303901225,-0.3790384010144199,-0.2713933196192286,2025-07-03 20:30:00 +08,,,,,,,,,,,,,,,UNKNOWN,DOWNSIDE_SHOCK,NO,,,,,,,,
2025-07-15 12:30:00+00:00,CPI,high,2025-07-15 12:30:00+00:00,116913.9,117121.9,-0.1775927473854133,117199.9,-0.2440275119688695,117374.5,0.3939651316053894,UP,2025-07-15 12:31:00+00:00,117397.4,0.4135521952479459,UP,2025-07-15 12:35:00+00:00,116852.4,-0.0526028128391864,DOWN,2025-07-15 12:40:00+00:00,116646.1,-0.2290574516802479,DOWN,2025-07-15 12:45:00+00:00,116940.0,0.0223241205707935,UP,2025-07-15 12:50:00+00:00,117197.1,0.2422295381473205,UP,2025-07-15 13:00:00+00:00,118055.1,0.9761029270257904,UP,2025-07-15 13:15:00+00:00,117708.0,0.6792177833431223,UP,2025-07-15 13:30:00+00:00,1.039739500606851,-0.4344222543256171,1.039739500606851,-0.6399630656215405,0.4723689861898528,0.9535659312468026,-0.2290574516802479,0.2422295381473205,0.9761029270257904,2025-07-15 20:30:00 +08,,,,,,,,,,,,,,,UNKNOWN,UPSIDE_SHOCK,SHORT_REJECTION,0.2290574516802479,0.08905745168024792,-0.2422295381473205,-0.3822295381473205,-0.9761029270257904,-1.1161029270257903,-0.6792177833431223,-0.8192177833431223
2025-08-01 12:30:00+00:00,Nonfarm Payrolls,high,2025-08-01 12:30:00+00:00,115445.9,115438.0,0.0068435004071387,115272.0,0.1508605732528201,115651.9,0.1784385586668824,UP,2025-08-01 12:31:00+00:00,115694.0,0.2149058563361672,UP,2025-08-01 12:35:00+00:00,115740.1,0.2548379803873679,UP,2025-08-01 12:40:00+00:00,115760.0,0.2720754916372137,UP,2025-08-01 12:45:00+00:00,115644.0,0.1715955265626734,UP,2025-08-01 12:50:00+00:00,115782.1,0.2912186573971187,UP,2025-08-01 13:00:00+00:00,115847.6,0.3479551894004062,UP,2025-08-01 13:15:00+00:00,115508.0,0.0537914295787089,UP,2025-08-01 13:30:00+00:00,0.4959032759067172,-0.2578697034714916,0.4959032759067172,0.0570470378757681,0.0190912232204576,0.1760575559475619,0.2720754916372137,0.2912186573971187,0.3479551894004062,2025-08-01 20:30:00 +08,,,,,,,,,,,,,,,UNKNOWN,UPSIDE_SHOCK,NO,,,,,,,,
2025-08-12 12:30:00+00:00,CPI,high,2025-08-12 12:30:00+00:00,118494.3,118401.4,0.0784619100787642,118541.8,-0.0400702536995423,119098.5,0.509897944458082,UP,2025-08-12 12:31:00+00:00,118873.5,0.3200153931455007,UP,2025-08-12 12:35:00+00:00,118992.0,0.4200202035034461,UP,2025-08-12 12:40:00+00:00,119015.0,0.4394304198598542,UP,2025-08-12 12:45:00+00:00,119246.1,0.6344608981191602,UP,2025-08-12 12:50:00+00:00,119262.6,0.6483856185487413,UP,2025-08-12 13:00:00+00:00,118981.6,0.4112434100205675,UP,2025-08-12 13:15:00+00:00,119200.0,0.5955560731613296,UP,2025-08-12 13:30:00+00:00,0.7391916741986693,0.0,0.7391916741986693,0.1190340992736072,0.2080410032348822,-0.2218101891801938,0.4394304198598542,0.6483856185487413,0.4112434100205675,2025-08-12 20:30:00 +08,,,,,,,,,,,,,,,UNKNOWN,UPSIDE_SHOCK,NO,,,,,,,,
2025-09-05 12:30:00+00:00,Nonfarm Payrolls,high,2025-09-05 12:30:00+00:00,112611.2,112416.0,0.1736407628807335,112363.1,0.2208020248640307,112536.0,-0.0667784376687241,DOWN,2025-09-05 12:31:00+00:00,112779.9,0.1498074791850268,UP,2025-09-05 12:35:00+00:00,112600.1,-0.0098569236452461,DOWN,2025-09-05 12:40:00+00:00,112699.9,0.0787665880480847,UP,2025-09-05 12:45:00+00:00,112792.1,0.1606412150834124,UP,2025-09-05 12:50:00+00:00,113181.9,0.506787957148136,UP,2025-09-05 13:00:00+00:00,113081.7,0.417809240999123,UP,2025-09-05 13:15:00+00:00,112881.9,0.2403846153846034,UP,2025-09-05 13:30:00+00:00,0.7004631866102118,-0.5071431616038069,0.7004631866102118,-0.0709346257622201,0.4276844966144555,0.256755570647238,0.0787665880480847,0.506787957148136,0.417809240999123,2025-09-05 20:30:00 +08,,,,,,,,,,,,,,,UNKNOWN,UPSIDE_SHOCK,NO,,,,,,,,
2025-09-11 12:30:00+00:00,CPI,high,2025-09-11 12:30:00+00:00,114401.5,114228.4,0.1515384965560251,114159.1,0.2123352409050038,114094.0,-0.2687901819469096,DOWN,2025-09-11 12:31:00+00:00,113940.0,-0.403403801523583,DOWN,2025-09-11 12:35:00+00:00,113962.0,-0.3841732844412027,DOWN,2025-09-11 12:40:00+00:00,113947.2,-0.3971101777511698,DOWN,2025-09-11 12:45:00+00:00,114116.0,-0.2495596648645293,DOWN,2025-09-11 12:50:00+00:00,113966.0,-0.3806768267898608,DOWN,2025-09-11 13:00:00+00:00,113480.0,-0.80549643142791,DOWN,2025-09-11 13:15:00+00:00,113843.9,-0.4874061965970733,DOWN,2025-09-11 13:30:00+00:00,0.1263095326547336,-0.8601285822301241,0.8601285822301241,0.0063191153238495,0.0164988696519152,-0.5573276315328224,-0.3971101777511698,-0.3806768267898608,-0.80549643142791,2025-09-11 20:30:00 +08,,,,,,,,,,,,,,,UNKNOWN,DOWNSIDE_SHOCK,NO,,,,,,,,
2025-10-24 12:30:00+00:00,CPI,high,2025-10-24 12:30:00+00:00,111019.7,111190.0,-0.1531612555085937,111148.1,-0.1155215428783829,111804.8,0.7071717902318309,UP,2025-10-24 12:31:00+00:00,111499.8,0.4324457731375686,UP,2025-10-24 12:35:00+00:00,111346.3,0.2941820235507819,UP,2025-10-24 12:40:00+00:00,111549.3,0.4770324546004012,UP,2025-10-24 12:45:00+00:00,111425.0,0.3650703433714986,UP,2025-10-24 12:50:00+00:00,111316.8,0.2676101628810157,UP,2025-10-24 13:00:00+00:00,111153.5,0.1205191511056247,UP,2025-10-24 13:15:00+00:00,111249.1,0.2066299944964766,UP,2025-10-24 13:30:00+00:00,1.0523357566269764,-0.1078187024465049,1.0523357566269764,0.0443946984658216,-0.2084280224080248,-0.2436616558223026,0.4770324546004012,0.2676101628810157,0.1205191511056247,2025-10-24 20:30:00 +08,2025-10-24 12:30:00+00:00,111574.0,111142.5365848154,111143.3070970568,110734.36740797597,64.56816962440293,10.685158072787324,0.004954789013897,0.0057456240771756,0.0063497790204745,0.0015067561654136,0.0038820727728787,0.0038751132586607,0.0075824029312472,NEUTRAL,UPSIDE_SHOCK,NO,,,,,,,,
2025-11-20 13:30:00+00:00,Nonfarm Payrolls,high,2025-11-20 13:30:00+00:00,91918.4,91970.1,-0.056213921698478,91800.0,0.1289760348583746,92210.7,0.317999442984207,UP,2025-11-20 13:31:00+00:00,91849.6,-0.0748489965012311,DOWN,2025-11-20 13:35:00+00:00,91936.9,0.0201265470243239,UP,2025-11-20 13:40:00+00:00,91668.4,-0.2719803651934804,DOWN,2025-11-20 13:45:00+00:00,91876.5,-0.0455839092064147,DOWN,2025-11-20 13:50:00+00:00,91295.8,-0.6773399014778247,DOWN,2025-11-20 14:00:00+00:00,90863.3,-1.1478659332625374,DOWN,2025-11-20 14:15:00+00:00,91413.0,-0.5498355062751203,DOWN,2025-11-20 14:30:00+00:00,0.6871311946248015,-1.6170864592943257,1.6170864592943257,-0.197279030066555,-0.4064650413883042,-1.102784716439997,-0.2719803651934804,-0.6773399014778247,-1.1478659332625374,2025-11-20 21:30:00 +08,2025-11-20 13:30:00+00:00,91973.4,91858.9693495787,91883.08565535035,91787.79207321085,54.854996522426525,7.425471379222115,0.0006157742654224,0.0018670617197882,0.0009391960351343,0.0013597274728584,0.0012457210355345,0.000982926770531,0.0020221417532422,NEUTRAL,SMALL_MOVE,NO,,,,,,,,
2025-12-16 13:30:00+00:00,Nonfarm Payrolls,high,2025-12-16 13:30:00+00:00,87367.8,87283.4,0.0966965081562021,87140.4,0.2609581778371561,87534.9,0.1912603957064274,UP,2025-12-16 13:31:00+00:00,87025.2,-0.3921353175884046,DOWN,2025-12-16 13:35:00+00:00,87301.3,-0.0761149988897536,DOWN,2025-12-16 13:40:00+00:00,86918.1,-0.5147205263266286,DOWN,2025-12-16 13:45:00+00:00,87064.1,-0.347610904704021,DOWN,2025-12-16 13:50:00+00:00,86429.5,-1.0739654655376518,DOWN,2025-12-16 14:00:00+00:00,86887.6,-0.5496304130354623,DOWN,2025-12-16 14:15:00+00:00,87178.3,-0.2168991321745528,DOWN,2025-12-16 14:30:00+00:00,0.4833588576111491,-1.4408054225927611,1.4408054225927611,-0.1230678010507246,-0.5621383808435798,-0.2027241997562767,-0.5147205263266286,-1.0739654655376518,-0.5496304130354623,2025-12-16 21:30:00 +08,2025-12-16 13:30:00+00:00,86872.1,87178.54722057088,86960.34123323073,86668.72312221007,40.41364047466343,7.317516482564051,-0.0056725769363276,-0.0049037688344355,-0.0039716344582857,0.0016262807123591,-0.0035151677831419,-0.0010147296109851,0.0023466006012706,NEUTRAL,DOWNSIDE_SHOCK,NO,,,,,,,,
2025-12-18 13:30:00+00:00,CPI,high,2025-12-18 13:30:00+00:00,87639.3,87799.9,-0.18291592587234,87399.4,0.274487010208313,88088.0,0.5119849200073467,UP,2025-12-18 13:31:00+00:00,87976.3,0.3845306842934715,UP,2025-12-18 13:35:00+00:00,88414.5,0.8845346779355889,UP,2025-12-18 13:40:00+00:00,88799.8,1.324177623509093,UP,2025-12-18 13:45:00+00:00,88966.6,1.514503196625272,UP,2025-12-18 13:50:00+00:00,89000.0,1.552613952872739,UP,2025-12-18 14:00:00+00:00,88359.7,0.822005652715152,UP,2025-12-18 14:15:00+00:00,88763.2,1.2824155373217128,UP,2025-12-18 14:30:00+00:00,2.100313443854529,0.0,2.100313443854529,0.9360475491694942,0.2254509582228836,-0.6821661162728532,1.324177623509093,1.552613952872739,0.822005652715152,2025-12-18 21:30:00 +08,2025-12-18 13:30:00+00:00,88125.5,87518.3713733046,87315.16619448159,86906.97826118593,71.81798327489089,10.225198446948658,0.0055752770807731,0.0048586421343819,0.0089901225436597,0.0019395429460603,0.0069371563612139,0.0092805619096403,0.0140209884544828,BULLISH,UPSIDE_SHOCK,NO,,,,,,,,
2026-01-09 13:30:00+00:00,Nonfarm Payrolls,high,2026-01-09 13:30:00+00:00,90599.0,90643.4,-0.0489831581780841,90455.5,0.1586415419736697,90482.5,-0.1285886157683879,DOWN,2026-01-09 13:31:00+00:00,90772.5,0.1915032174748088,UP,2026-01-09 13:35:00+00:00,90736.0,0.151215797083859,UP,2026-01-09 13:40:00+00:00,90600.1,0.0012141414364563,UP,2026-01-09 13:45:00+00:00,90541.9,-0.0630249782006542,DOWN,2026-01-09 13:50:00+00:00,90571.5,-0.0303535359109874,DOWN,2026-01-09 14:00:00+00:00,90368.0,-0.2549697016523411,DOWN,2026-01-09 14:15:00+00:00,90563.5,-0.0391836554487379,DOWN,2026-01-09 14:30:00+00:00,0.4025430744268643,-0.3800262696056267,0.4025430744268643,-0.1899253628576902,-0.0315672940758404,-0.1920657728631702,0.0012141414364563,-0.0303535359109874,-0.2549697016523411,2026-01-09 21:30:00 +08,2026-01-09 13:30:00+00:00,90652.8,90517.31405358575,90517.2434772342,90736.33300911685,62.21196333657704,3.634772827687807,0.0005949299605183,0.0003939653773956,0.0023440747981,0.000660497890362,0.0014967959205467,0.001497576788227,-0.0009206125743305,BULLISH,UPSIDE_SHOCK,NO,,,,,,,,
2026-01-13 13:30:00+00:00,CPI,high,2026-01-13 13:30:00+00:00,92140.0,92017.0,0.1336709521066792,92070.1,0.0759204128158774,92360.0,0.2387670935532826,UP,2026-01-13 13:31:00+00:00,92396.8,0.2787063164749304,UP,2026-01-13 13:35:00+00:00,92083.4,-0.0614282613414451,DOWN,2026-01-13 13:40:00+00:00,92135.1,-0.005317994356413,DOWN,2026-01-13 13:45:00+00:00,92135.5,-0.0048838723681332,DOWN,2026-01-13 13:50:00+00:00,92000.0,-0.1519426958975445,DOWN,2026-01-13 14:00:00+00:00,92023.9,-0.1260039070979046,DOWN,2026-01-13 14:15:00+00:00,92499.9,0.3906012589537599,UP,2026-01-13 14:30:00+00:00,0.506837421315387,-0.3798567397438668,0.506837421315387,-0.2832349172265713,-0.1466324994491841,-0.1211259503665851,-0.005317994356413,-0.1519426958975445,-0.1260039070979046,2026-01-13 21:30:00 +08,2026-01-13 13:30:00+00:00,92279.4,92092.30084503858,92096.94842097723,91831.69448828213,63.663189991988766,13.314444252505773,0.001534654539929,0.0030358662653626,0.0020838876068955,0.0006713836089534,0.0020316481751958,0.0019810816986982,0.0048752831384921,NEUTRAL,UPSIDE_SHOCK,SHORT_REJECTION,0.005317994356413,-0.13468200564358698,0.1519426958975445,0.011942695897544514,0.1260039070979046,-0.013996092902095386,-0.3906012589537599,-0.5306012589537599
2026-02-11 13:30:00+00:00,Nonfarm Payrolls,high,2026-02-11 13:30:00+00:00,67026.0,66903.6,0.1829497964235038,67171.0,-0.2158669663991919,67187.6,0.2411004684749196,UP,2026-02-11 13:31:00+00:00,67328.0,0.4505714200459421,UP,2026-02-11 13:35:00+00:00,67312.6,0.4275952615403033,UP,2026-02-11 13:40:00+00:00,67270.0,0.3640378360636243,UP,2026-02-11 13:45:00+00:00,67211.1,0.2761614895712139,UP,2026-02-11 13:50:00+00:00,67466.9,0.6578044341001954,UP,2026-02-11 14:00:00+00:00,68505.0,2.206606391549548,UP,2026-02-11 14:15:00+00:00,68088.2,1.5847581535523458,UP,2026-02-11 14:30:00+00:00,2.695073553546368,-0.2046966848685549,2.695073553546368,-0.0861454372623526,0.2927010554481857,1.9251284386061047,0.3640378360636243,0.6578044341001954,2.206606391549548,2026-02-11 21:30:00 +08,2026-02-11 13:30:00+00:00,67518.0,67077.82044121,67032.84479379926,67658.13113000507,66.39229826455983,7.843712642542266,0.0071916689415671,0.0102025701679182,0.0041239903808258,0.0023081258523072,0.0065622221457806,0.0072375744710393,-0.002071164657738,BULLISH,UPSIDE_SHOCK,NO,,,,,,,,
2026-02-13 13:30:00+00:00,CPI,high,2026-02-13 13:30:00+00:00,67346.1,67018.6,0.4886703094364897,67114.0,0.3458294841612863,67459.9,0.1689778621182025,UP,2026-02-13 13:31:00+00:00,67467.0,0.1795204176633813,UP,2026-02-13 13:35:00+00:00,67245.4,-0.1495261047039231,DOWN,2026-02-13 13:40:00+00:00,67248.0,-0.1456654505606169,DOWN,2026-02-13 13:45:00+00:00,67298.2,-0.0711251282554004,DOWN,2026-02-13 13:50:00+00:00,67257.9,-0.1309652674765349,DOWN,2026-02-13 14:00:00+00:00,67215.0,-0.1946660608409534,DOWN,2026-02-13 14:15:00+00:00,67309.4,-0.0544946180996541,DOWN,2026-02-13 14:30:00+00:00,0.4111596662612848,-0.3355799370713397,0.4111596662612848,-0.3246031393125514,0.0147216274089867,-0.1236288637734728,-0.1456654505606169,-0.1309652674765349,-0.1946660608409534,2026-02-13 21:30:00 +08,2026-02-13 13:30:00+00:00,67499.4,67132.9613534013,66982.95160404823,66675.67141739732,69.26980774058386,5.0688657929204695,0.0022658834569717,0.005982294554234,0.0064397808178326,0.0014001436803655,0.0054584013457961,0.0077101468893847,0.0123542600335591,BULLISH,UPSIDE_SHOCK,SHORT_REJECTION,0.1456654505606169,0.0056654505606169026,0.1309652674765349,-0.009034732523465094,0.1946660608409534,0.05466606084095341,0.0544946180996541,-0.08550538190034589
2026-03-06 13:30:00+00:00,Nonfarm Payrolls,high,2026-03-06 13:30:00+00:00,70068.4,70009.6,0.0839884815796443,69994.5,0.1055797241211742,69980.0,-0.1261624355629598,DOWN,2026-03-06 13:31:00+00:00,70289.3,0.3152633712201425,UP,2026-03-06 13:35:00+00:00,69980.3,-0.1257342825010887,DOWN,2026-03-06 13:40:00+00:00,69880.9,-0.2675956636657872,DOWN,2026-03-06 13:45:00+00:00,69891.8,-0.2520394357513389,DOWN,2026-03-06 13:50:00+00:00,68910.0,-1.6532416895490565,DOWN,2026-03-06 14:00:00+00:00,68833.0,-1.7631343087611495,DOWN,2026-03-06 14:15:00+00:00,68987.6,-1.5424927642132324,DOWN,2026-03-06 14:30:00+00:00,0.3963270175999511,-2.067122982685488,2.067122982685488,-0.581027268730816,-1.3893639034414207,-1.5149130513164688,-0.2675956636657872,-1.6532416895490565,-1.7631343087611495,2026-03-06 21:30:00 +08,2026-03-06 13:30:00+00:00,70182.9,70064.86865132456,70259.41292510832,70763.18594561462,53.99861245457004,3.511611522725134,0.0015998104774026,0.0021633153128453,0.0042224823216641,0.0016887925995182,0.0016846010125675,-0.0010890060409397,-0.0082003931544377,NEUTRAL,UPSIDE_SHOCK,SHORT_REJECTION,0.2675956636657872,0.1275956636657872,1.6532416895490565,1.5132416895490566,1.7631343087611495,1.6231343087611496,1.5424927642132324,1.4024927642132325
2026-03-11 12:30:00+00:00,CPI,high,2026-03-11 12:30:00+00:00,69435.0,69206.0,0.3308961650724029,69214.9,0.3179951137688652,69517.0,0.1180960610642989,UP,2026-03-11 12:31:00+00:00,69275.9,-0.2291351623820881,DOWN,2026-03-11 12:35:00+00:00,69366.0,-0.0993735147980179,DOWN,2026-03-11 12:40:00+00:00,69208.0,-0.3269244617267963,DOWN,2026-03-11 12:45:00+00:00,69287.1,-0.213004968675734,DOWN,2026-03-11 12:50:00+00:00,69365.0,-0.1008137106646489,DOWN,2026-03-11 13:00:00+00:00,69816.3,0.5491466839490311,UP,2026-03-11 13:15:00+00:00,70238.6,1.1573413984302006,UP,2026-03-11 13:30:00+00:00,1.386908619572269,-0.4026787643119589,1.386908619572269,-0.0980138836160882,0.2268523870072814,0.7637785388622031,-0.3269244617267963,-0.1008137106646489,0.5491466839490311,2026-03-11 20:30:00 +08,2026-03-11 12:30:00+00:00,69283.1,69365.21745741589,69481.86048369153,69757.43564935915,43.98097201879503,5.447859129278152,-0.0021862204741418,0.0011198515727051,-0.0034506566172345,0.0012465802863715,-0.0011838419949636,-0.0028606096944997,-0.0067997862155286,NEUTRAL,DOWNSIDE_SHOCK,NO,,,,,,,,
2026-04-03 12:30:00+00:00,Nonfarm Payrolls,high,2026-04-03 12:30:00+00:00,67117.7,67028.2,0.133525889103403,67023.2,0.1409959536399441,66967.8,-0.2233389999955259,DOWN,2026-04-03 12:31:00+00:00,66846.1,-0.4046622574968905,DOWN,2026-04-03 12:35:00+00:00,66828.8,-0.4304378725730973,DOWN,2026-04-03 12:40:00+00:00,66880.5,-0.3534090113338162,DOWN,2026-04-03 12:45:00+00:00,66740.0,-0.5627427638312921,DOWN,2026-04-03 12:50:00+00:00,66696.8,-0.6271073055244658,DOWN,2026-04-03 13:00:00+00:00,66677.0,-0.6566077204671728,DOWN,2026-04-03 13:15:00+00:00,66649.0,-0.6983254789720061,DOWN,2026-04-03 13:30:00+00:00,0.383654386249832,-0.8383779539525293,0.8383779539525293,0.0514614913958988,-0.2746689991851125,-0.0943961642193569,-0.3534090113338162,-0.6271073055244658,-0.6566077204671728,2026-04-03 20:30:00 +08,2026-04-03 12:30:00+00:00,66925.8,66960.80853464249,66913.29226874656,66837.8054579628,48.34490908451796,10.327007141245746,-0.0028621276887386,-0.0008673726074472,-0.0003510118851131,0.0009336294375542,-0.0005228212652834,0.0001869244634264,0.0013165384685251,NEUTRAL,DOWNSIDE_SHOCK,NO,,,,,,,,
2026-04-10 12:30:00+00:00,CPI,high,2026-04-10 12:30:00+00:00,72156.7,72103.0,0.0744767901474263,72116.9,0.0551881736458481,72398.2,0.3346882548675323,UP,2026-04-10 12:31:00+00:00,72296.7,0.1940221767348093,UP,2026-04-10 12:35:00+00:00,72371.0,0.2969925176733445,UP,2026-04-10 12:40:00+00:00,72312.9,0.2164733143283914,UP,2026-04-10 12:45:00+00:00,72363.3,0.2863212979529406,UP,2026-04-10 12:50:00+00:00,72198.3,0.0576523039440557,UP,2026-04-10 13:00:00+00:00,72192.0,0.0489213059909898,UP,2026-04-10 13:15:00+00:00,72301.7,0.20095154018962,UP,2026-04-10 13:30:00+00:00,0.412574300099644,-0.1687992937592808,0.412574300099644,0.0224076617604929,-0.1584779479179898,-0.236722205869555,0.2164733143283914,0.0576523039440557,0.0489213059909898,2026-04-10 20:30:00 +08,2026-04-10 12:30:00+00:00,72323.8,72115.21038763999,71989.80181462497,71893.74476111482,66.63846862152485,4.38151112281379,0.0022741225365405,0.0020311123180174,0.0023602458647189,0.0009301429911045,0.0028924496127624,0.0046395208342855,0.0059818171986192,BULLISH,UPSIDE_SHOCK,NO,,,,,,,,
2026-05-08 12:30:00+00:00,Nonfarm Payrolls,high,2026-05-08 12:30:00+00:00,80324.4,80253.5,0.0883450566018906,80258.8,0.0817355853812706,80193.0,-0.1635866561094712,DOWN,2026-05-08 12:31:00+00:00,80225.0,-0.1237482010447599,DOWN,2026-05-08 12:35:00+00:00,80248.0,-0.0951143114669927,DOWN,2026-05-08 12:40:00+00:00,80182.4,-0.176783144349657,DOWN,2026-05-08 12:45:00+00:00,80031.8,-0.3642728734979505,DOWN,2026-05-08 12:50:00+00:00,80052.8,-0.3381288873617327,DOWN,2026-05-08 13:00:00+00:00,79774.9,-0.6841009705643608,DOWN,2026-05-08 13:15:00+00:00,79640.8,-0.8510489963199142,DOWN,2026-05-08 13:30:00+00:00,0.2350468848818065,-0.8941243258586362,0.8941243258586362,-0.0531006544094769,-0.1616314802250773,-0.3209974035321083,-0.176783144349657,-0.3381288873617327,-0.6841009705643608,2026-05-08 20:30:00 +08,2026-05-08 12:30:00+00:00,80256.4,80216.78777211893,80067.03669432372,79959.19455690632,57.25997550740254,4.444384669701406,-0.0008453232707911,-0.0005429638854297,-7.849225107059432e-05,0.0005569648355156,0.0004938146861925,0.00236505949882,0.0037169639431791,NEUTRAL,DOWNSIDE_SHOCK,NO,,,,,,,,
2026-05-12 12:30:00+00:00,CPI,high,2026-05-12 12:30:00+00:00,80826.8,80842.0,-0.0188021078152411,80789.0,0.0467885479458862,80630.8,-0.2424938263051346,DOWN,2026-05-12 12:31:00+00:00,80863.7,0.0456531744421395,UP,2026-05-12 12:35:00+00:00,80991.8,0.2041402109201451,UP,2026-05-12 12:40:00+00:00,80901.0,0.0918012342440821,UP,2026-05-12 12:45:00+00:00,80900.6,0.0913063488842791,UP,2026-05-12 12:50:00+00:00,80903.1,0.0943993823830702,UP,2026-05-12 13:00:00+00:00,80768.2,-0.0725007052116422,DOWN,2026-05-12 13:15:00+00:00,80641.6,-0.2291319215903642,DOWN,2026-05-12 13:30:00+00:00,0.219357935734199,-0.2637738967768088,0.2637738967768088,0.0461270013615511,0.0025957651945018,-0.1636576242945109,0.0918012342440821,0.0943993823830702,-0.0725007052116422,2026-05-12 20:30:00 +08,2026-05-12 12:30:00+00:00,80775.8,80759.30101816423,80799.59305966576,81089.52935107786,52.12966793109448,1.3756883551965318,-0.0006322152649673,-0.000677961069199,0.0012494577006507,0.0004160256085922,0.0002042982248207,-0.0002944700432857,-0.0038689255393203,BEARISH,SMALL_MOVE,NO,,,,,,,,
2026-06-05 12:30:00+00:00,Nonfarm Payrolls,high,2026-06-05 12:30:00+00:00,62220.0,62243.1,-0.037112547414897,61946.7,0.4411857290218979,61888.5,-0.5327868852459061,DOWN,2026-06-05 12:31:00+00:00,61699.3,-0.8368691738990686,DOWN,2026-06-05 12:35:00+00:00,61930.6,-0.465123754419805,DOWN,2026-06-05 12:40:00+00:00,62014.0,-0.3310832529733187,DOWN,2026-06-05 12:45:00+00:00,61899.1,-0.5157505625200898,DOWN,2026-06-05 12:50:00+00:00,62033.4,-0.2999035679845718,DOWN,2026-06-05 13:00:00+00:00,61924.7,-0.4746062359370029,DOWN,2026-06-05 13:15:00+00:00,61933.7,-0.4601414336226295,DOWN,2026-06-05 13:30:00+00:00,0.3399228543876642,-0.9561234329797496,0.9561234329797496,0.5100544090451464,0.0312832586190303,0.0413576287862094,-0.3310832529733187,-0.2999035679845718,-0.4746062359370029,2026-06-05 20:30:00 +08,2026-06-05 12:30:00+00:00,61757.0,62218.40143532788,62401.646033471545,62862.30813088174,37.32938202144826,2.6042786425211824,-0.0072514672526567,-0.0092232067368394,-0.009574365718318,0.0030278510566191,-0.0074158355837458,-0.0103305934129648,-0.0175830026568615,BEARISH,DOWNSIDE_SHOCK,LONG_RECOVERY,-0.3310832529733187,-0.47108325297331866,-0.2999035679845718,-0.43990356798457175,-0.4746062359370029,-0.6146062359370029,-0.4601414336226295,-0.6001414336226295
2026-06-10 12:30:00+00:00,CPI,high,2026-06-10 12:30:00+00:00,61164.9,61132.3,0.0533269646324496,61005.4,0.2614522648814787,61494.2,0.5383806725752782,UP,2026-06-10 12:31:00+00:00,61586.2,0.6887937362768382,UP,2026-06-10 12:35:00+00:00,61675.1,0.8341385337015117,UP,2026-06-10 12:40:00+00:00,61678.2,0.8392067999784203,UP,2026-06-10 12:45:00+00:00,61761.2,0.9749055422309194,UP,2026-06-10 12:50:00+00:00,61601.9,0.7144620525824541,UP,2026-06-10 13:00:00+00:00,61485.9,0.5248107983500283,UP,2026-06-10 13:15:00+00:00,61739.2,0.9389372009109832,UP,2026-06-10 13:30:00+00:00,1.283415815279687,-0.0825636925753214,1.283415815279687,0.1493841152725883,-0.1237065932533587,-0.4457491110923972,0.8392067999784203,0.7144620525824541,0.5248107983500283,2026-06-10 20:30:00 +08,2026-06-10 12:30:00+00:00,61669.3,61168.83612727228,61223.80725834439,61517.469739788,70.77102505955057,7.8327441451063375,0.008246559709899,0.0094827303977738,0.0109737884816205,0.0025340255511177,0.0081816804832843,0.0072764625658738,0.0024680836330595,NEUTRAL,UPSIDE_SHOCK,NO,,,,,,,,
2026-07-02 12:30:00+00:00,Nonfarm Payrolls,high,2026-07-02 12:30:00+00:00,61347.9,61337.2,0.017444552408663,61330.5,0.0283708758284984,61362.3,0.023472686106607,UP,2026-07-02 12:31:00+00:00,61360.2,0.0200495860493976,UP,2026-07-02 12:35:00+00:00,61363.9,0.0260807623406744,UP,2026-07-02 12:40:00+00:00,61392.8,0.0731891393185524,UP,2026-07-02 12:45:00+00:00,61554.0,0.3359528199009309,UP,2026-07-02 12:50:00+00:00,61540.8,0.3144361909698689,UP,2026-07-02 13:00:00+00:00,61724.7,0.6142019531230725,UP,2026-07-02 13:15:00+00:00,61668.4,0.5224302706368089,UP,2026-07-02 13:30:00+00:00,1.037688331629938,-0.2652087520518265,1.037688331629938,0.0531289011443947,0.241070614143668,0.2773174773369691,0.0731891393185524,0.3144361909698689,0.6142019531230725,2026-07-02 20:30:00 +08,2026-07-02 12:30:00+00:00,61333.9,61265.67098530264,61070.64427687602,60534.33646062064,58.17337667753687,3.4489792268671056,-0.0002282066704809,0.0021944587873123,0.0010494600911381,0.000987456906165,0.0011136581645163,0.0043106753865318,0.0132084298949819,BULLISH,SMALL_MOVE,NO,,,,,,,,
2026-07-14 12:30:00+00:00,CPI,high,2026-07-14 12:30:00+00:00,62961.5,62821.6,0.2226941052122288,62848.1,0.1804350489513551,63383.9,0.670886176472929,UP,2026-07-14 12:31:00+00:00,63499.0,0.8536963064730063,UP,2026-07-14 12:35:00+00:00,63428.1,0.741087807628471,UP,2026-07-14 12:40:00+00:00,63706.7,1.183580442016141,UP,2026-07-14 12:45:00+00:00,63800.0,1.3317662380978756,UP,2026-07-14 12:50:00+00:00,63831.5,1.381796812337699,UP,2026-07-14 13:00:00+00:00,63831.0,1.381002676238663,UP,2026-07-14 13:15:00+00:00,63942.7,1.55841268076522,UP,2026-07-14 13:30:00+00:00,1.9583396202441208,-0.0246182190703825,1.9583396202441208,0.3270917652246519,0.195897762715691,0.048589341692784,1.183580442016141,1.381796812337699,1.381002676238663,2026-07-14 20:30:00 +08,2026-07-14 12:30:00+00:00,63476.9,62917.8869063875,62806.68551434829,62648.40233483056,77.58123972224736,12.916547378900908,0.0081891574665706,0.0085912400176688,0.0089968511021143,0.0019986538492351,0.0088848040056435,0.0106710691730198,0.0132245617492596,BULLISH,UPSIDE_SHOCK,NO,,,,,,,,
2026-08-07 12:30:00+00:00,Nonfarm Payrolls,high,2026-08-07 12:30:00+00:00,65127.6,65214.1,-0.1326400272333772,65033.1,0.1453106187464525,65063.2,-0.0988828085174309,DOWN,2026-08-07 12:31:00+00:00,65076.2,-0.078921993133485,DOWN,2026-08-07 12:35:00+00:00,65192.0,0.098882808517442,UP,2026-08-07 12:40:00+00:00,65207.1,0.1220680633095661,UP,2026-08-07 12:45:00+00:00,65300.1,0.2648646656717046,UP,2026-08-07 12:50:00+00:00,65256.4,0.1977656170348618,UP,2026-08-07 13:00:00+00:00,65213.0,0.1311272025992016,UP,2026-08-07 13:15:00+00:00,65150.1,0.0345475650876059,UP,2026-08-07 13:30:00+00:00,0.3998304866139612,-0.250738550169205,0.3998304866139612,0.2011488070907674,0.0756052638439808,-0.1333841755219333,0.1220680633095661,0.1977656170348618,0.1311272025992016,2026-08-07 20:30:00 +08,2026-08-07 12:30:00+00:00,65000.5,65039.53659355446,64884.98919290656,64602.89397815346,49.79595226633602,6.289889983871636,-0.0018917844041416,-0.0025212998428599,-0.0004044486273352,0.0011168590848927,-0.0006001979042133,0.0017802392900154,0.0061546162619432,NEUTRAL,SMALL_MOVE,NO,,,,,,,,
2026-08-12 12:30:00+00:00,CPI,high,2026-08-12 12:30:00+00:00,64414.6,64288.0,0.196926331508207,64246.9,0.2610242673187324,64159.5,-0.3960282296249562,DOWN,2026-08-12 12:31:00+00:00,64133.7,-0.4360812610805675,DOWN,2026-08-12 12:35:00+00:00,64122.5,-0.4534686235729168,DOWN,2026-08-12 12:40:00+00:00,64040.2,-0.5812346890301301,DOWN,2026-08-12 12:45:00+00:00,64026.3,-0.6028136478375967,DOWN,2026-08-12 12:50:00+00:00,64118.6,-0.4595231515836517,DOWN,2026-08-12 13:00:00+00:00,64030.8,-0.5958276539790641,DOWN,2026-08-12 13:15:00+00:00,63957.8,-0.7091559987952967,DOWN,2026-08-12 13:30:00+00:00,0.1277660654572132,-0.7794816703045604,0.7794816703045604,-0.1457891872759575,0.1224231029884448,0.0070283617825905,-0.5812346890301301,-0.4595231515836517,-0.5958276539790641,2026-08-12 20:30:00 +08,2026-08-12 12:30:00+00:00,64253.3,64228.15037110522,64105.76584435559,63906.32742813939,55.02964193320052,8.650813836710068,-0.0025056392407322,-0.0008661307126529,0.0011093435708711,0.0008645626963508,0.0003915670737748,0.0023014178787383,0.005429393079281,NEUTRAL,DOWNSIDE_SHOCK,NO,,,,,,,,
2026-09-04 12:30:00+00:00,Nonfarm Payrolls,high,2026-09-04 12:30:00+00:00,81329.9,81184.0,0.1797152148206526,81244.6,0.1049915932874068,79964.6,-1.6787184049162571,DOWN,2026-09-04 12:31:00+00:00,79829.6,-1.844709018454449,DOWN,2026-09-04 12:35:00+00:00,79947.4,-1.6998668386411395,DOWN,2026-09-04 12:40:00+00:00,79384.1,-2.392478043130497,DOWN,2026-09-04 12:45:00+00:00,79563.7,-2.171649049119695,DOWN,2026-09-04 12:50:00+00:00,79410.1,-2.360509480523143,DOWN,2026-09-04 13:00:00+00:00,79242.5,-2.5665837533305647,DOWN,2026-09-04 13:15:00+00:00,79451.2,-2.3099745604015176,DOWN,2026-09-04 13:30:00+00:00,0.0,-2.653267740400511,2.653267740400511,-0.5580636756290946,0.0327521506195749,-0.4037016880813704,-2.392478043130497,-2.360509480523143,-2.5665837533305647,2026-09-04 20:30:00 +08,2026-09-04 12:30:00+00:00,79830.0,81076.32021563135,81072.75555477172,80818.50802717722,18.75975341344011,14.730383227274809,-0.0184421719441434,-0.0165945814767958,-0.01743580654452,0.0042105148071773,-0.0153721852732909,-0.015328892502391,-0.0122312085598611,NEUTRAL,DOWNSIDE_SHOCK,NO,,,,,,,,
2026-09-11 12:30:00+00:00,CPI,high,2026-09-11 12:30:00+00:00,77100.3,76958.0,0.1849060526520896,77025.9,0.0965908869614118,76431.9,-0.8669226967988553,DOWN,2026-09-11 12:31:00+00:00,77159.0,0.0761345935100132,UP,2026-09-11 12:35:00+00:00,77501.1,0.5198423352438253,UP,2026-09-11 12:40:00+00:00,77641.0,0.7012942880896711,UP,2026-09-11 12:45:00+00:00,78023.9,1.1979201118542893,UP,2026-09-11 12:50:00+00:00,77870.5,0.9989584995129696,UP,2026-09-11 13:00:00+00:00,77639.5,0.6993487703679468,UP,2026-09-11 13:15:00+00:00,77688.9,0.7634211540032743,UP,2026-09-11 13:30:00+00:00,1.3743137186236432,-1.4258050876585493,1.4258050876585493,0.6246840938840537,0.2955912468927568,-0.492669553816194,0.7012942880896711,0.9989584995129696,0.6993487703679468,2026-09-11 20:30:00 +08,2026-09-11 12:30:00+00:00,77155.0,76988.89619733118,77037.58361228308,77138.29706902843,62.59953278385654,13.95370031315692,0.0006938905209366,0.0024621421286161,0.004785935210809,0.0008372472777899,0.0021575033657201,0.0015241442191107,0.0002165322752281,NEUTRAL,SMALL_MOVE,NO,,,,,,,,
2026-10-02 12:30:00+00:00,Nonfarm Payrolls,high,2026-10-02 12:30:00+00:00,86614.3,86460.4,0.1780005644202553,86408.3,0.2384030237835954,86784.1,0.1960415312483032,UP,2026-10-02 12:31:00+00:00,86816.6,0.2335642036014773,UP,2026-10-02 12:35:00+00:00,86757.9,0.1657924846128144,UP,2026-10-02 12:40:00+00:00,86574.5,-0.0459508418355847,DOWN,2026-10-02 12:45:00+00:00,86728.8,0.1321952610596533,UP,2026-10-02 12:50:00+00:00,86813.1,0.229523300424983,UP,2026-10-02 13:00:00+00:00,86684.0,0.0804717004005084,UP,2026-10-02 13:15:00+00:00,86659.9,0.0526471956709073,UP,2026-10-02 13:30:00+00:00,0.7204353091810445,-0.2171696821425595,0.7204353091810445,-0.2788637196112331,0.2756007831405282,-0.0516552748337395,-0.0459508418355847,0.229523300424983,0.0804717004005084,2026-10-02 20:30:00 +08,2026-10-02 12:30:00+00:00,86830.3,86501.6808481206,86378.73866397727,85693.6128681627,72.03420144445646,13.433068113162076,0.0023017191325498,0.0031180539831148,0.0039020588997003,0.0008286235223557,0.0037989915185161,0.0052276907837165,0.0132645490578868,BULLISH,UPSIDE_SHOCK,SHORT_REJECTION,0.0459508418355847,-0.09404915816441528,-0.229523300424983,-0.369523300424983,-0.0804717004005084,-0.2204717004005084,-0.0526471956709073,-0.1926471956709073
