analysis,early_horizon,late_horizon,events,confirmation_pct,avg_directional_late_return_pct,median_directional_late_return_pct,event_type,threshold_pct,avg_directional_return_pct
overall_persistence,5m,15m,39,87.17948717948718,0.1809692757611726,0.16753325136547,,,
overall_persistence,5m,30m,39,79.48717948717949,0.19619690712137952,0.25213007155445,,,
overall_persistence,5m,1h,39,76.92307692307693,0.2069620798358349,0.09771389338808,,,
overall_persistence,15m,30m,39,87.17948717948718,0.2990875225894441,0.25213007155445,,,
overall_persistence,15m,1h,39,84.61538461538461,0.31633685984287285,0.09771389338808,,,
overall_persistence,15m,2h,39,46.15384615384615,0.25883543141102355,-0.09082327898603999,,,
overall_persistence,30m,1h,39,87.17948717948718,0.3261294051833288,0.09771389338808,,,
overall_persistence,30m,2h,39,33.33333333333333,0.005226013793487673,-0.09082327898603999,,,
overall_persistence,30m,4h,39,64.1025641025641,0.1767267657811772,0.27031133124179,,,
event_type,5m,15m,19,89.47368421052632,0.2205004538642921,,CPI,,
event_type,5m,30m,19,89.47368421052632,0.25656410219748427,,CPI,,
event_type,5m,1h,19,78.94736842105263,0.21700740975732785,,CPI,,
event_type,15m,30m,19,89.47368421052632,0.292462279296379,,CPI,,
event_type,15m,1h,19,78.94736842105263,0.24094818514278576,,CPI,,
event_type,15m,2h,19,42.10526315789473,0.2694659736450469,,CPI,,
event_type,30m,1h,19,78.94736842105263,0.2554736801100752,,CPI,,
event_type,30m,2h,19,31.57894736842105,0.1002090574194847,,CPI,,
event_type,30m,4h,19,68.42105263157895,0.0783351468707379,,CPI,,
event_type,5m,15m,20,85.0,0.143414656563209,,NFP,,
event_type,5m,30m,20,70.0,0.13884807179908001,,NFP,,
event_type,5m,1h,20,75.0,0.19741901641041654,,NFP,,
event_type,15m,30m,20,85.0,0.305381503717856,,NFP,,
event_type,15m,1h,20,90.0,0.38795610080795556,,NFP,,
event_type,15m,2h,20,50.0,0.24873641628870144,,NFP,,
event_type,30m,1h,20,95.0,0.3932523440029196,,NFP,,
event_type,30m,2h,20,35.0,-0.08500787765120954,,NFP,,
event_type,30m,4h,20,60.0,0.2701988037460945,,NFP,,
strong_initial_reaction,5m,15m,31,93.54838709677419,,,,0.1,0.2173099319466681
strong_initial_reaction,5m,30m,31,90.32258064516128,,,,0.1,0.27806240914509417
strong_initial_reaction,5m,1h,31,83.87096774193549,,,,0.1,0.20250507263910003
strong_initial_reaction,15m,30m,37,86.48648648648648,,,,0.1,0.30154683201126864
strong_initial_reaction,15m,1h,37,86.48648648648648,,,,0.1,0.28238099707029757
strong_initial_reaction,15m,2h,37,45.94594594594595,,,,0.1,0.24213535427665728
strong_initial_reaction,30m,1h,38,86.8421052631579,,,,0.1,0.3325538888543182
strong_initial_reaction,30m,2h,38,34.21052631578947,,,,0.1,0.036191973695034456
strong_initial_reaction,30m,4h,38,65.78947368421053,,,,0.1,0.2309508757892253
strong_initial_reaction,5m,15m,7,100.0,,,,0.2,0.38787177812944
strong_initial_reaction,5m,30m,7,85.71428571428571,,,,0.2,0.3159716012651486
strong_initial_reaction,5m,1h,7,71.42857142857143,,,,0.2,0.31980808469526284
strong_initial_reaction,15m,30m,15,93.33333333333333,,,,0.2,0.5181670563160925
strong_initial_reaction,15m,1h,15,80.0,,,,0.2,0.5364493676431481
strong_initial_reaction,15m,2h,15,80.0,,,,0.2,0.48639615001260994
strong_initial_reaction,30m,1h,33,87.87878787878788,,,,0.2,0.29173683884927154
strong_initial_reaction,30m,2h,33,33.33333333333333,,,,0.2,0.03330460371621425
strong_initial_reaction,30m,4h,33,69.6969696969697,,,,0.2,0.21769923648091938
strong_initial_reaction,5m,15m,1,100.0,,,,0.3,0.9133562309636399
strong_initial_reaction,5m,30m,1,100.0,,,,0.3,0.78050677208216
strong_initial_reaction,5m,1h,1,100.0,,,,0.3,0.50534638066228
strong_initial_reaction,15m,30m,9,88.88888888888889,,,,0.3,0.45539241770808
strong_initial_reaction,15m,1h,9,77.77777777777779,,,,0.3,0.3888906998901521
strong_initial_reaction,15m,2h,9,77.77777777777779,,,,0.3,0.3602836913345021
strong_initial_reaction,30m,1h,14,78.57142857142857,,,,0.3,0.5096210391137622
strong_initial_reaction,30m,2h,14,64.28571428571429,,,,0.3,0.13905428979919715
strong_initial_reaction,30m,4h,14,35.714285714285715,,,,0.3,0.1726111350305571
